Loci,Epistasis,Polymorphism,Shannon Diversity,Nucleotide Diversity,Slope,Invasion Genotypes: Pareto,Invasion Genotypes: Interp
9,0,False,4.888105199673033e-13,1.4883889647233756e-14,37828.45616989634,0.0,0.0
9,0,False,1.6608373604445548e-09,6.803649876655843e-11,62954.858846337745,0.0,1.0
9,0,False,1.0387238159456305e-06,5.885728069677945e-08,64462.23926464476,0.0,0.0
9,0,False,2.425500731368843e-09,1.0074988718380293e-10,23171.531659514945,0.0,0.0
9,0,False,2.2991941476615162e-08,1.0478015825626726e-09,33560.21169762143,0.0,0.0
9,0,False,0.0030476784584634138,0.0003388427494078707,35490.36663163123,1.0,0.0
9,0,True,0.423416533645752,0.12778558572234058,45206.03467355753,1.0,0.0
9,0,False,1.6353322033516748e-15,4.337150822716593e-17,39652.80026177612,0.0,0.0
9,0,False,1.964034367764984e-06,1.157214796509363e-07,52631.70706713501,0.0,0.0
9,0,False,1.2987728712952212e-06,7.459383511910657e-08,60110.27822561496,0.0,0.0
9,0,False,3.9023514200612205e-09,1.6590964563770928e-10,39787.80356637429,0.0,0.0
9,0,True,0.4393625476431519,0.134214710812438,28944.4071496065,6.0,0.0
9,0,True,0.6491809559662621,0.22752191830218488,29358.565352987454,2.0,2.0
9,0,False,1.6054476485575636e-15,4.2564606136957605e-17,68713.71935721842,0.0,0.0
9,0,True,0.6223682793268319,0.21545360809128714,30938.25269423354,1.0,0.0
9,0,False,4.126792673013819e-06,2.547143882495019e-07,50929.56424918604,0.0,0.0
9,0,True,0.6930713566551766,0.24996208900410427,48693.80914618627,1.0,0.0
9,0,True,0.6692537148382259,0.23814560786064232,53541.672142807525,2.0,0.0
9,0,True,0.4771628857341345,0.1500412854851681,44474.78364711136,1.0,0.0
9,0,False,1.6119595952511215e-08,7.241315159943433e-10,60202.90947983024,0.0,1.0
9,0,False,6.400429424325255e-17,1.5610353059403105e-18,33158.1839064598,0.0,0.0
9,0,True,0.5139859234246811,0.1659117201370829,58409.69831231573,1.0,1.0
9,0,False,7.498377535922978e-06,4.78042179006211e-07,36063.90975157751,0.0,0.0
9,0,False,5.375885454905156e-05,3.926528175729777e-06,48815.46983354974,0.0,0.0
9,0,False,3.639848914051408e-11,1.282426973935457e-12,70821.16573098807,0.0,0.0
9,0,False,0.012617974572586054,0.001709357258268901,29189.820724394245,0.0,0.0
9,0,False,2.061725484680815e-06,1.21847824215459e-07,49513.02964656458,0.0,1.0
9,0,True,0.47421611146534176,0.14878045495106382,66837.31726164519,2.0,0.0
9,0,False,1.0030322344389621e-06,5.671586045375506e-08,42727.27774533904,0.0,0.0
9,0,False,3.3018288683765092e-12,1.0694376763474898e-13,46526.559184314116,0.0,0.0
9,0,False,1.1205670145062848e-06,6.378486795424786e-08,54810.21792713983,0.0,0.0
9,0,False,9.202486811265846e-09,4.067802315789052e-10,30432.72732105232,0.0,0.0
9,0,False,9.904936138877276e-17,2.4389357367749704e-18,57730.77530397384,0.0,1.0
9,0,False,2.6111247722302003e-05,1.8376300970143075e-06,50618.81124888734,0.0,0.0
9,0,False,2.8982716097407994e-06,1.6915531448523294e-07,22895.03441285936,0.0,2.0
9,0,False,0.0004214578738991373,3.6632566953240266e-05,16664.35291203726,0.0,0.0
9,0,True,0.600480851100011,0.20511673305168143,39801.112621020315,1.0,1.0
9,0,True,0.6832826201141264,0.2450839594331284,32670.305217212,1.0,2.0
9,0,True,0.28704700572527364,0.07321357455814544,26250.704443931147,1.0,1.0
9,0,False,5.45588414639478e-13,1.667231880722877e-14,33853.72749190655,0.0,0.0
9,0,True,0.5814370580124741,0.19625803081421048,54638.12467095995,3.0,0.0
9,0,True,0.591448531090013,0.2008993488986741,48004.348700569826,3.0,0.0
9,0,False,4.584275789527864e-05,3.36884493457567e-06,43952.078654075936,0.0,0.0
9,0,True,0.5238612955329447,0.17025366520125015,55008.03770591916,1.0,0.0
9,0,False,2.725593299507859e-11,9.50276716493143e-13,55611.52226924744,0.0,2.0
9,0,True,0.554198037928298,0.183808380994611,50479.51864626578,2.0,3.0
9,0,False,6.020366924409336e-10,2.3593812395244535e-11,46853.61431670014,0.0,0.0
9,0,False,5.326633327237169e-06,3.1881428281157345e-07,28667.187371365333,0.0,0.0
9,0,False,7.898679864875313e-05,6.068632710788372e-06,29042.28744774042,0.0,0.0
9,0,False,0.10718371488126628,0.021884507604287333,29283.612923067194,1.0,0.0
9,0,False,3.0931223229592128e-09,1.286712825937324e-10,36379.32438797522,0.0,1.0
9,0,True,0.585797562643127,0.19827525306509167,18215.900007484786,1.0,0.0
9,0,True,0.6084017635424666,0.20876477010906747,27543.722656078215,8.0,1.0
9,0,True,0.6172022543597587,0.21299900846522477,62519.94104246346,1.0,0.0
9,0,False,2.155520092916206e-08,9.918916301725828e-10,44608.66131137022,0.0,0.0
9,0,False,6.899105774317458e-22,1.3092890581402287e-23,61587.69583345971,0.0,1.0
9,0,True,0.6609012309944672,0.21631244166583963,41846.040567850505,1.0,0.0
9,0,True,0.14580324861784966,0.032127601330436954,45568.51565467458,1.0,0.0
9,0,True,0.6652387632092538,0.23566094070507984,24811.592754845216,4.0,2.0
9,0,False,0.00018764641222232607,1.4631762737324927e-05,38365.74985561925,0.0,1.0
9,0,False,3.244673802017329e-05,2.3220905811829437e-06,48913.42634267235,0.0,0.0
9,0,False,9.193228122178591e-08,4.512466521014312e-09,50794.49338286837,0.0,0.0
9,0,True,0.6910397066167276,0.2489469682065607,38178.765733311804,3.0,0.0
9,0,True,0.5984532411142497,0.20416753726305623,59786.56350283167,4.0,0.0
9,0,False,3.0096610044125086e-10,1.149106513654266e-11,48719.956943719,0.0,0.0
9,0,False,6.616290130853374e-10,2.582975197782111e-11,64369.13905846708,0.0,0.0
9,0,False,9.43182027469262e-09,4.173911082568343e-10,36068.23389014414,0.0,0.0
9,0,False,0.008492561836054463,0.001043812260993102,45196.106992993,0.0,0.0
9,0,False,1.6707369675648202e-07,8.533000441075838e-09,41751.10577796455,0.0,1.0
9,0,False,2.956168803781426e-06,1.7200420893350294e-07,38749.41116707345,0.0,0.0
9,0,False,2.9749016404847745e-05,2.114613165958983e-06,50030.843219925,0.0,0.0
9,0,False,0.012739234401444945,0.0017282747848902872,32071.162080717448,0.0,0.0
9,0,False,1.5297762358535525e-05,1.022510634100562e-06,61649.34760352786,0.0,1.0
9,0,False,7.371786114339386e-07,4.014177591543906e-08,12548.129612318053,0.0,0.0
9,0,False,0.010350733687176924,0.0013604615792312392,32123.62611709319,1.0,1.0
9,0,False,5.789326220322771e-08,2.797514584648099e-09,33945.93915524825,0.0,0.0
9,0,True,0.6845210152157077,0.24533809356741224,47465.702531309114,2.0,0.0
9,0,False,0.057312939107976996,0.01017944686049764,46399.118567178855,1.0,0.0
9,0,False,1.7744993154150447e-11,6.080371241109153e-13,73411.00299455716,0.0,0.0
9,0,False,5.046059695274514e-10,1.9638483935671114e-11,54221.69623877374,0.0,1.0
9,0,False,0.013680670878657797,0.0018763228634976602,56928.09295698893,1.0,0.0
9,0,True,0.6739912365995219,0.2404833443474321,23107.208577936886,4.0,1.0
9,0,True,0.6739541311468459,0.24046502975503348,55571.895161644024,1.0,1.0
9,0,True,0.6616233802385134,0.23440439378069447,27091.8581331807,7.0,59.0
9,0,False,2.4914272176971898e-05,1.7474646862267844e-06,48590.271907257826,0.0,0.0
9,0,False,1.457547275855831e-14,4.017502912138118e-16,50206.664639747454,0.0,0.0
9,0,True,0.6764733043465112,0.2417094827218256,20199.91387825355,2.0,6.0
9,0,False,4.285741148556174e-08,2.0398143836626804e-09,37826.62202306923,0.0,0.0
9,0,False,1.0529495834261062e-10,3.8095764371147034e-12,63738.95116323803,0.0,0.0
9,0,True,0.39600301883216726,0.11686180828338256,46023.09276198401,4.0,1.0
9,0,False,3.167860628163634e-06,1.9226046909445054e-07,12626.955456203648,0.0,1.0
9,0,False,1.3481117063405585e-06,7.760399690168883e-08,70670.87436016022,0.0,0.0
9,0,False,4.609374925063224e-07,2.456028850147897e-08,39011.88526340459,0.0,0.0
9,0,False,6.413236510579292e-10,2.5246587219389686e-11,52958.67530501812,0.0,0.0
9,0,False,7.201067553626394e-06,4.6110267008686886e-07,55288.154132662974,0.0,0.0
9,0,False,2.0465325963535943e-09,8.45434400020359e-11,41460.95926329161,0.0,1.0
9,0,True,0.6927942141944596,0.2498234904766888,21017.9864040966,3.0,1.0
9,0,True,0.6901456054599624,0.2485006709785724,56204.357753741875,1.0,0.0
9,0,False,2.185033524491137e-05,1.4435004404281332e-06,50033.73447283418,0.0,0.0
9,0,False,3.465909749345487e-06,2.1175096397025064e-07,76791.2968112162,0.0,0.0
9,0,False,0.015370005789243803,0.002148037342965727,35050.380785380075,1.0,22.0
9,0,True,0.30137447706936504,0.08148797984448543,50641.944091042235,1.0,0.0
9,0,False,2.1135340833968773e-12,6.746911130856865e-14,85442.52752944728,0.0,1.0
9,0,False,2.2422946898497665e-06,1.3138443282982744e-07,58552.022052219385,0.0,0.0
9,0,False,1.7409919726812855e-07,8.872687514739736e-09,28606.75230967808,0.0,0.0
9,0,False,4.727779199995222e-13,1.4383990300627746e-14,62602.3492554407,0.0,0.0
9,0,True,0.4143313077243727,0.12413273056600284,52495.039226995505,1.0,0.0
9,0,False,4.6754225763570246e-07,2.3832202232127562e-08,25354.218017599043,0.0,1.0
9,0,True,0.3515811324756871,0.09979468138378467,21992.55777866578,1.0,1.0
9,0,False,3.6494741713298253e-16,9.270096694248706e-18,43302.81334361386,0.0,1.0
9,0,True,0.6909629101574263,0.24890663713151215,41607.09721791795,1.0,0.0
9,0,False,2.840591704872455e-10,1.0821516516302309e-11,41904.268249628214,0.0,1.0
9,0,True,0.5734654666851479,0.19258729714025552,39801.14638581953,2.0,0.0
9,0,False,1.3324046774524214e-05,8.924777433760408e-07,83430.5158154358,0.0,0.0
9,0,True,0.6176813683016456,0.21321352048575554,44780.41813541522,2.0,1.0
9,0,False,2.597060981263102e-07,1.3586088962182408e-08,41997.469888372536,0.0,0.0
9,0,True,0.31510141221880666,0.08638470923973575,11413.204607665022,1.0,1.0
9,0,False,4.63011837549976e-08,2.2122719566133293e-09,48117.78892720728,0.0,0.0
9,0,False,8.108656960090094e-08,3.892848724145391e-09,25963.648257189307,0.0,0.0
9,0,False,4.162845888620358e-30,5.780831485131215e-32,46557.8491814757,0.0,0.0
9,0,True,0.219273547678517,0.05395371679182257,34991.60892509817,1.0,0.0
9,0,False,0.0023585258512009042,0.0002540387534988604,47622.340589189575,1.0,0.0
9,0,False,6.76006962205895e-05,5.128708237155427e-06,22183.715510288755,0.0,1.0
9,0,False,9.036269872307804e-11,3.292789323725125e-12,77463.3486536127,0.0,0.0
9,0,False,8.836404596811349e-12,2.9593980892038533e-13,48681.91511786918,0.0,0.0
9,0,False,2.287515518557077e-08,1.0480947953034396e-09,38008.99807048887,0.0,0.0
9,0,True,0.5098435564719547,0.16410209828864597,30806.985520373637,1.0,1.0
9,0,False,1.543507160422735e-07,7.811667184551284e-09,59718.93443690094,0.0,0.0
9,0,False,1.7258629962569292e-07,8.829785809363286e-09,28509.39386041869,0.0,0.0
9,0,True,0.5891081439574095,0.19981121221760081,49546.7685469652,1.0,1.0
9,0,False,2.8336405246106587e-08,1.3213776101156392e-09,39253.9647482661,0.0,0.0
9,0,False,1.3215709710149894e-17,3.099023997601279e-19,54142.55878561413,0.0,0.0
9,0,False,2.608094302816029e-10,9.640956543378574e-12,32959.4573378391,0.0,0.0
9,0,False,1.5986450510543225e-12,5.043540206469804e-14,42033.04088537759,0.0,0.0
9,0,False,0.00019201725039957252,1.5007609428349172e-05,41828.99225728668,0.0,0.0
9,0,False,0.008785092611372879,0.0011269495382847216,32098.79409495214,1.0,0.0
9,0,False,1.8338595369978325e-10,6.8231350245776765e-12,51860.21433417872,0.0,0.0
9,0,False,6.625525169481342e-07,3.6555728451086264e-08,26299.422179202193,0.0,0.0
9,0,True,0.6754032147777634,0.2411805829002791,17980.673784055358,1.0,0.0
9,0,False,2.9413771743268657e-06,1.7774512460192298e-07,25405.754261254966,0.0,0.0
9,0,False,0.09530040160857589,0.018927067475564437,40852.17849745682,1.0,0.0
9,0,True,0.5272941023091317,0.17177086548640322,56470.6072898767,2.0,0.0
9,0,False,0.045335123441560786,0.007679742727975734,25262.573718101405,1.0,0.0
9,0,False,8.240529965973321e-08,3.9991410598706216e-09,35424.32486757701,0.0,0.0
9,0,False,2.887351663057125e-12,9.312895912159436e-14,55907.505674376436,0.0,0.0
9,0,False,0.00015684181328705992,1.2767631450795567e-05,35710.74722704902,0.0,0.0
9,0,True,0.6683385179051329,0.2376985913812796,55308.91895337039,1.0,1.0
9,0,False,1.041600587574826e-06,5.9030189220254014e-08,59576.77835994988,0.0,1.0
9,0,False,9.826359792477894e-14,2.8477337233956174e-15,69988.66357414017,0.0,0.0
9,0,False,0.009960153969479085,0.001301607036123189,30390.093872902577,0.0,0.0
9,0,False,2.3667952261095306e-16,5.956605013164105e-18,42119.848921134595,0.0,0.0
9,0,False,4.813671087287936e-21,9.45581861171513e-23,44444.535357497705,0.0,0.0
9,0,False,1.944387986823798e-07,1.0012594025879639e-08,69128.79838221172,0.0,0.0
9,0,True,0.684438054787252,0.24505039024889191,28655.957385093676,2.0,0.0
9,0,False,7.62920985309526e-05,5.8347012225123395e-06,41855.81181670434,0.0,0.0
9,0,False,9.57363067433446e-07,5.398272934976694e-08,53624.61158518615,0.0,0.0
9,0,False,1.8052104381838267e-10,6.755875361427769e-12,54629.526749212804,0.0,1.0
9,0,False,6.296394784965004e-06,3.9843434865852354e-07,53578.645793221585,0.0,0.0
9,0,False,6.280950117698271e-07,3.4546796596790476e-08,78729.21889996853,0.0,0.0
9,0,False,0.0352624380047602,0.005204700644690209,34140.77969963697,0.0,0.0
9,0,False,1.2895789077148577e-05,8.58396978228895e-07,29388.27447081713,0.0,1.0
9,0,False,0.0057689786988743535,0.00069732767853695,49019.83606269106,1.0,0.0
9,0,True,1.0954660974835013,0.4074097082238574,27914.333617997607,2.0,0.0
9,0,True,0.6711000066152599,0.2390576551948284,52183.429463789216,2.0,0.0
9,0,True,0.2770500499575996,0.07299914406232795,32419.268968118577,1.0,0.0
9,0,True,0.6931454581896191,0.24999912240398495,53510.44530719129,4.0,0.0
9,0,False,3.3423647351246415e-05,2.354894763829293e-06,70381.88834718084,0.0,0.0
9,0,False,3.031747088155509e-13,8.90593703071739e-15,41924.2541753272,0.0,1.0
9,0,True,0.25904217161730636,0.06690218392598458,60342.419306608535,1.0,0.0
9,0,False,1.7490820749463605e-15,4.6492433580681044e-17,58028.53572160052,0.0,0.0
9,0,False,1.3358022376678774e-07,6.741367465957051e-09,28650.549933403716,0.0,0.0
9,0,False,1.9743254158022243e-07,1.0122708837104568e-08,41162.78388754709,0.0,2.0
9,0,False,0.0013109155128051286,0.0001319609403751314,41535.80304859874,1.0,0.0
9,0,False,1.1936904507600191e-05,7.93304257967302e-07,52139.08891955141,0.0,0.0
9,0,False,5.324638425022182e-08,2.5550739209192913e-09,13996.309568055261,0.0,0.0
9,0,True,0.6769427344943881,0.24190328073826392,29057.844151959176,2.0,2.0
9,0,False,7.046447042140053e-19,1.52301368836921e-20,38435.09348979418,0.0,0.0
9,0,False,6.630262634081001e-14,1.900215518093382e-15,58211.57230162742,0.0,0.0
9,0,True,0.6900884632803965,0.2484721986908675,23227.192816206003,5.0,1.0
9,0,False,6.071789966206526e-12,2.0080949273623517e-13,43560.014025737844,0.0,0.0
9,0,False,3.847583413548387e-06,2.366787348041509e-07,41952.751522238745,0.0,0.0
9,0,False,2.0838748882927317e-09,8.466390643314019e-11,34148.570501996895,0.0,0.0
9,0,True,0.42987186936392435,0.13040046280999895,31670.970905962844,1.0,0.0
9,0,False,0.014044027228039161,0.0019347173570270016,31487.22211720648,0.0,0.0
9,0,False,5.818937572638063e-18,1.3259169610933788e-19,52618.25652221193,0.0,0.0
9,0,False,5.457010850152923e-06,3.4355563761846184e-07,39895.92338762262,0.0,1.0
9,0,False,8.698463231310968e-07,4.761779708973894e-08,24397.124859846186,0.0,0.0
9,0,False,6.316905675300221e-11,2.2713956383201707e-12,56590.685771838595,0.0,0.0
9,0,False,6.689315705016964e-06,4.151120800055695e-07,57768.91472448035,0.0,0.0
9,0,False,3.0627539726114573e-09,1.2883611321342856e-10,69457.81763301301,0.0,1.0
9,0,True,0.45806657586749583,0.14200808619660382,19426.831980883086,1.0,0.0
9,0,False,1.2087899895621974e-09,4.806589863487223e-11,27398.949108301553,0.0,0.0
9,0,False,7.165984312606823e-07,3.883337169853652e-08,17008.839122691625,0.0,0.0
9,0,False,1.5386676440625018e-07,7.823725437079024e-09,51845.912856348106,0.0,0.0
9,0,False,3.2108077020071865e-07,1.6997198054996066e-08,55376.244530976976,0.0,1.0
9,0,False,3.2012773919923247e-13,9.619484940677523e-15,62517.5794323066,0.0,0.0
9,0,False,4.886190845267002e-08,2.3403692033890975e-09,58906.82069040023,0.0,1.0
9,0,False,3.2700895551234913e-12,1.0589963133819967e-13,32348.055506223285,0.0,0.0
9,0,False,6.013507632997401e-06,3.704138111800486e-07,38779.202481264605,0.0,1.0
9,0,False,5.58302239149482e-12,1.8246465268683474e-13,22432.42573102238,0.0,1.0
9,0,False,6.380073346560556e-11,2.2949513643990985e-12,30248.87983480767,0.0,0.0
9,0,False,6.038919567890203e-10,2.367266853206075e-11,51096.59732935183,0.0,1.0
9,0,False,1.0128103557891838e-09,4.0501768279836076e-11,29955.90438668587,0.0,1.0
9,0,True,0.49353896414516873,0.15703688840759294,31716.194393387963,1.0,0.0
9,0,False,7.587144568772669e-11,2.7468484488602126e-12,52833.87492852051,0.0,0.0
9,0,True,0.5806481654162018,0.19589379007576296,36856.47059839009,0.0,0.0
9,0,True,0.4140005844562282,0.1240003898897439,44449.23065812098,1.0,0.0
9,0,True,0.6913379277430938,0.2490959192892843,28678.191228865184,1.0,0.0
9,0,False,1.215610643141667e-09,4.914275233469252e-11,34378.8206804648,0.0,0.0
9,0,False,7.404349029862442e-07,4.054485715516557e-08,67397.40617874816,0.0,1.0
9,0,False,2.592542432791097e-07,1.3532516054354485e-08,47905.70968590346,0.0,0.0
9,0,False,0.00013775363364478197,1.0969421175243969e-05,42463.793004279825,0.0,1.0
9,0,False,4.796070372401949e-10,1.8658315427762262e-11,37390.0984544416,0.0,0.0
9,0,False,1.3495459882818522e-05,8.718601528807302e-07,37924.45682649487,0.0,0.0
9,0,True,0.6888424294276749,0.24785071469149236,27855.467799328686,1.0,0.0
9,0,True,0.5662645789473013,0.18929109389081938,26199.434818978232,1.0,1.0
9,0,False,6.342907953863964e-07,3.489817691268091e-08,55588.04533001767,0.0,1.0
9,0,False,6.519005026588478e-09,2.836407958343376e-10,34287.80456104052,0.0,0.0
9,0,True,0.5794593728988651,0.195344452950558,48609.99671872096,1.0,0.0
9,0,False,4.8065762832322e-16,1.2175642395115225e-17,62554.83102054183,0.0,1.0
9,0,True,0.563412392799696,0.18799048215959024,33476.48401272395,1.0,1.0
9,0,False,0.05603658105267126,0.009906286036849102,42265.124867961094,1.0,0.0
9,0,True,0.6577389437400692,0.2325058466416364,40936.81997057006,1.0,0.0
9,0,False,6.379006150759895e-08,3.088718834980896e-09,45414.22680025948,0.0,0.0
9,0,False,8.703122616669409e-11,3.1634445068780386e-12,29549.43976688097,0.0,0.0
9,0,False,3.1449966491516914e-07,1.662398359631797e-08,28152.193377692845,0.0,0.0
9,0,False,2.817418316343905e-10,1.0729756468075161e-11,63166.35675262034,0.0,0.0
9,0,True,0.46363596602615137,0.1443370748604766,22239.37425588116,1.0,2.0
9,0,False,1.1745561786068495e-09,4.7403623695717706e-11,47102.01930103005,0.0,0.0
9,0,True,0.6921432646496193,0.24949820540878387,51853.354675366514,2.0,0.0
9,0,True,0.6469040741757316,0.22723710606098102,59733.1386237219,1.0,1.0
9,0,True,0.6225838943014779,0.21555637416701534,31200.21160608714,2.0,0.0
9,0,False,8.631307962491396e-11,3.1401671008439713e-12,69608.46962141772,0.0,0.0
9,0,True,0.6289731467136246,0.21686787304539398,43407.78170714192,1.0,1.0
9,0,False,9.405144816966811e-06,6.066916113061974e-07,33672.16328556732,0.0,0.0
9,0,False,6.31152315183856e-13,1.895821855462326e-14,35755.48023060034,0.0,0.0
9,0,True,0.6843049984588585,0.24559195507611245,54309.6629657173,1.0,0.0
9,0,True,0.1457294869939488,0.0321012059967485,33124.08881564221,1.0,1.0
9,0,False,9.696355079114698e-11,3.543207220817362e-12,40878.256308495475,0.0,0.0
9,0,False,4.520044158160829e-08,2.1569254849667378e-09,43364.73083708877,0.0,0.0
9,0,False,9.280755370652258e-06,6.059315750680308e-07,42800.75252405586,0.0,0.0
9,0,True,0.4760906616631225,0.14958664133370136,54652.99479260197,2.0,0.0
9,0,False,1.723036005786842e-09,7.01646581247397e-11,31936.402678006212,0.0,0.0
9,0,False,3.261573860650056e-08,1.5079313790890025e-09,37224.326547074554,0.0,0.0
9,0,False,0.0022169500487176415,0.00023713930858278748,53673.896590567376,0.0,0.0
9,0,True,0.6930294324101174,0.2499177545109173,24059.931583748188,2.0,0.0
9,0,True,0.38036987811942824,0.11076502099171982,36069.04325420569,1.0,2.0
9,0,False,1.1205803624441505e-05,7.412778012835355e-07,29875.517297713614,0.0,3.0
9,0,False,8.769894937637545e-05,6.797927315877504e-06,62908.94567215521,0.0,0.0
9,0,False,2.4413237144597363e-12,7.83033402105394e-14,31412.895344495966,0.0,0.0
9,0,False,5.276375304108068e-07,2.8730079610862703e-08,51686.4606109075,0.0,1.0
9,0,False,0.0008645265640033181,8.316389138295572e-05,21253.781974194153,0.0,0.0
9,0,False,2.880001910047814e-07,1.4609877375007097e-08,44231.427062822746,0.0,0.0
9,0,True,0.2456132618516743,0.06244630501351181,49471.9287279243,0.0,0.0
9,0,False,3.047582736905005e-08,1.4256001950837203e-09,44046.72977192359,0.0,0.0
9,0,False,1.0897803385194878e-07,5.439613379327956e-09,48175.81943640448,0.0,0.0
9,0,False,4.1270948163126895e-06,2.5487270671712083e-07,25350.795317069627,0.0,0.0
9,0,False,1.7782388115900652e-10,6.650587937933984e-12,52574.63591449024,0.0,0.0
9,0,True,0.5525495118063729,0.18306334723838047,76082.62859382016,2.0,0.0
9,0,False,2.598985186639016e-05,1.827803287547009e-06,57279.009793624726,0.0,0.0
9,0,False,5.640873857912848e-06,3.446707360353179e-07,18198.249973830683,0.0,0.0
9,0,False,0.0002645935713027252,2.2619142686057957e-05,50095.19444521868,0.0,0.0
9,0,False,0.04855889260621456,0.00833897371025995,44912.66319066353,0.0,0.0
9,0,False,1.576703561135283e-07,7.746032856107794e-09,58276.39213628979,0.0,1.0
9,0,True,0.1491505695336965,0.03305743032360113,22999.53382866006,3.0,1.0
9,0,True,0.6506170790123824,0.22903758242097558,60691.5514227881,1.0,0.0
9,0,False,4.737285377280848e-06,2.94065491152171e-07,42771.16546103906,0.0,0.0
9,0,False,4.393774580956735e-08,2.093841963873276e-09,68446.52685635135,0.0,1.0
9,0,False,0.0003492991242409853,2.9216282758513536e-05,65043.86305128474,0.0,0.0
9,0,True,0.5526374752788816,0.1831030769426455,20736.215906974765,7.0,195.0
9,0,False,2.725533346182173e-05,1.9204642886375195e-06,27121.59882989626,0.0,0.0
9,0,False,0.018780261980106613,0.0027103836920126427,23953.806969536567,0.0,0.0
9,0,False,2.459921475160211e-05,1.7237142878504399e-06,47961.086958957254,0.0,0.0
9,0,True,0.5907956134212718,0.20059495809642533,19224.91107375609,1.0,0.0
9,0,True,0.6335447252887826,0.22075452500050405,43343.664603122954,1.0,0.0
9,0,False,6.170455921852468e-10,2.4252492502523464e-11,52702.44034505158,0.0,1.0
9,0,True,0.7422203079782871,0.2488221057504608,42050.729890214985,2.0,0.0
9,0,True,0.5336476537696982,0.1745901983078948,33529.96973811233,2.0,0.0
9,0,True,0.6860015698191018,0.2464357049977398,41530.69967965045,1.0,1.0
9,0,False,8.783418068489238e-06,5.712635002359708e-07,66545.60614079858,0.0,0.0
9,0,False,0.0016745056765407852,0.00017331133838023417,40535.02324318234,1.0,0.0
9,0,True,0.20666579693991788,0.04938157438480383,60303.604644130166,2.0,0.0
9,0,False,9.073022366416454e-19,1.9964054749109277e-20,35763.30520228517,0.0,0.0
9,0,True,0.551117469691348,0.1824155542894973,61842.22879726659,1.0,0.0
9,0,False,4.768537470346068e-08,2.2153874375964227e-09,79390.54920996338,0.0,0.0
9,0,False,3.287160140391828e-07,1.7424275840150777e-08,55893.31132448569,0.0,0.0
9,0,False,1.2299410008058129e-06,6.761295929175692e-08,29947.61705410114,0.0,0.0
9,0,False,0.10913672018730251,0.022373872652075865,30831.847152810915,1.0,0.0
9,0,False,2.4659936745448943e-10,9.33982102915782e-12,52763.03564119562,0.0,0.0
9,0,False,3.697161759853868e-12,1.2014596233692775e-13,35950.84845581304,0.0,0.0
9,0,False,8.797917412374575e-08,4.294011389571662e-09,46748.12096811756,0.0,1.0
9,0,False,2.394692092706086e-10,8.824084301654667e-12,68608.39718157396,0.0,0.0
9,0,True,0.2001594259048749,0.04800325278367425,42496.46422688943,1.0,0.0
9,0,False,5.9318449304467645e-05,4.43144722299267e-06,43205.10954001559,0.0,0.0
9,0,False,0.00818483010337288,0.001039169963692028,27052.6839136611,1.0,0.0
9,0,False,0.004903837654358778,0.0005798735174609045,45132.95006331258,1.0,0.0
9,0,False,2.330273355456334e-10,8.808330721245396e-12,54834.74022143282,0.0,1.0
9,0,False,6.128052909800786e-07,3.316599239717655e-08,38560.62978663786,0.0,0.0
9,0,False,4.639184723965386e-23,8.341831950833467e-25,58244.47071280411,0.0,0.0
9,0,True,0.30226815939477586,0.08177671763055043,41968.78200776231,2.0,1.0
9,0,False,2.466562420826024e-06,1.417770109288163e-07,32764.559441570058,0.0,0.0
9,0,False,1.2209254313931476e-12,3.8278993471529123e-14,49576.24728162882,0.0,0.0
9,0,True,0.6507831575235712,0.2291188405064971,41592.8410607453,1.0,0.0
9,0,False,2.3943197125791236e-08,1.0839689693971902e-09,37549.90870704235,0.0,1.0
9,0,False,3.0274451107326246e-05,2.1551192967398558e-06,76285.20506953272,0.0,0.0
9,0,False,4.982856046273415e-08,2.373134470155191e-09,51357.67693795363,0.0,0.0
9,0,False,4.585045697853277e-06,2.8532336408669646e-07,48546.84332392849,0.0,0.0
9,0,True,0.6375789976305117,0.22270859234820284,40239.07400335591,0.0,0.0
9,0,False,0.0009886544661263862,9.648225685258911e-05,77644.65029469335,1.0,0.0
9,0,False,0.006323278890592434,0.0007740546822376696,46795.529895878775,0.0,1.0
9,0,True,0.6733410552395953,0.24016249248381413,67379.00110960599,1.0,0.0
9,0,True,0.9756709447681225,0.32725014381982365,33809.30091225798,2.0,1.0
9,0,False,3.0103475142338457e-07,1.5878360664061586e-08,47614.66288921081,0.0,1.0
9,0,False,1.7743739476095988e-06,1.0388607027852046e-07,62909.238854345276,0.0,1.0
9,0,False,2.056881833324768e-07,1.0624323743798653e-08,58550.28353507403,0.0,0.0
9,0,False,2.1683133405688313e-05,1.4897120811432422e-06,42679.97750070304,0.0,1.0
9,0,False,4.350038408060382e-05,3.1116031569053846e-06,35515.75455939592,0.0,0.0
9,0,False,2.7221787457512037e-06,1.605248293329713e-07,40144.5972641943,0.0,1.0
9,0,False,5.515287971795951e-13,1.6862244101141627e-14,79367.76463208177,0.0,0.0
9,0,False,2.2687847753907455e-10,8.566914876113585e-12,60194.345489616855,0.0,0.0
9,0,False,6.334756640521417e-06,4.0211082509768886e-07,46341.894414193135,0.0,0.0
9,0,False,7.666616281877468e-10,3.040320965663427e-11,54533.18924291522,0.0,1.0
9,0,False,0.0002517446785646828,2.094433159440963e-05,22089.959443548232,0.0,0.0
9,0,False,1.4600844798496967e-13,4.260805685246329e-15,32970.09418631735,0.0,0.0
9,0,True,0.4612592906109648,0.14332201678376705,45202.42301906256,1.0,0.0
9,0,False,1.8662650151824555e-08,8.528600712155227e-10,31262.245838127008,0.0,0.0
9,0,False,1.9396846058472652e-07,9.987061224302853e-09,58054.6078266238,0.0,0.0
9,0,False,1.9871760894258798e-07,9.87820938886239e-09,51418.344144848386,0.0,1.0
9,0,False,6.947046159003391e-06,4.438633811429328e-07,40849.91336213474,0.0,0.0
9,0,True,0.5562776922227163,0.18474947156231525,44681.01866890257,1.0,0.0
9,0,False,1.4230758975069297e-05,9.260597185888473e-07,50095.664772962285,0.0,0.0
9,0,False,6.62185499498757e-12,2.1965213851703477e-13,62931.94244583354,0.0,0.0
9,0,False,8.42595840427633e-13,2.5598190069362956e-14,47024.95130051999,0.0,1.0
9,0,False,1.950943941726292e-09,8.047425078750026e-11,76008.80470923753,0.0,0.0
9,0,False,4.782412764120706e-07,2.55454481954852e-08,55103.55770671698,0.0,1.0
9,0,True,0.677193720912683,0.24206578008647256,33660.58640860402,1.0,1.0
9,0,False,4.572192802215388e-16,1.172821784414233e-17,30423.69572282593,0.0,0.0
9,0,True,0.663440721714222,0.2352920986820477,41142.85738199043,4.0,0.0
9,0,False,2.8403974967459965e-05,2.012134541187838e-06,57706.83041497956,0.0,0.0
9,0,True,0.671124795905904,0.23906973341977064,30369.513369282275,4.0,4.0
9,0,False,8.988642399239877e-14,2.5706897919987183e-15,61979.822380913065,0.0,1.0
9,0,False,1.4236427286748894e-10,5.279154917951245e-12,55367.14429774664,0.0,0.0
9,0,False,5.861534329364624e-06,3.584565767376791e-07,34847.12260268744,0.0,0.0
9,0,True,0.6201449573245679,0.2143961527175899,25129.665599693977,1.0,0.0
9,0,False,9.539179420069465e-14,2.7184662116459193e-15,58519.97390584077,0.0,0.0
9,0,False,1.7615827535453757e-05,1.2040163280432137e-06,43980.130497891914,0.0,1.0
9,0,False,1.5246307052740123e-09,6.222933010127781e-11,36366.08630418634,0.0,0.0
9,0,False,6.474798539322601e-05,4.883278028020714e-06,23502.85366627961,0.0,0.0
9,0,False,8.17880749140838e-06,5.283354711903219e-07,35774.651979541515,0.0,2.0
9,0,True,0.4452968132648015,0.13641231206818294,37396.66617159205,3.0,0.0
9,0,False,1.4229556705033935e-09,5.79091131743012e-11,32352.05321922815,0.0,0.0
9,0,False,3.218985962764326e-08,1.4847170043136678e-09,34505.680420339406,0.0,0.0
9,0,False,4.485920035788817e-09,1.8632760092143513e-10,44960.827900764896,0.0,0.0
9,0,False,5.419223494542218e-06,3.284053901233814e-07,44555.294725063075,0.0,1.0
9,0,False,7.037930696889081e-08,3.4348969605289546e-09,56480.642345519394,0.0,0.0
9,0,True,0.6899631844096593,0.24839744043489673,17378.807996629417,1.0,0.0
9,0,False,1.960294831232598e-05,1.350527294631361e-06,63120.35797096726,0.0,1.0
9,0,False,7.008221905250295e-06,4.4876230613391877e-07,45954.886146047196,0.0,0.0
9,0,True,0.37996206149689954,0.11060728230119185,55534.10327565341,1.0,1.0
9,0,True,0.5837839541304432,0.19734290667429913,35243.42950077768,1.0,1.0
9,0,True,0.6691034411874454,0.23807479361182063,31326.604275850903,2.0,1.0
9,0,False,0.0016680761818846505,0.00017227928195901262,60789.658933594466,1.0,0.0
9,0,False,2.408056329893133e-07,1.2520291435343925e-08,29529.12269655444,0.0,1.0
9,0,True,0.4086656001891581,0.12187106189364436,41549.53167497161,1.0,0.0
9,0,False,0.0024090528555575754,0.0002595178373894558,38621.2494357643,0.0,1.0
9,0,False,6.584290745665823e-06,4.198235809876762e-07,53439.98269782061,0.0,0.0
9,0,False,7.183845190920396e-05,5.477577377883097e-06,44069.19120645802,0.0,0.0
9,0,False,3.8166089829729377e-13,1.1344833602220143e-14,36111.0629629957,0.0,1.0
9,0,False,1.2370875162354827e-05,7.824728618226584e-07,38665.09913338999,0.0,0.0
9,0,False,2.687528768115973e-08,1.2500065123492058e-09,52539.68777691629,0.0,0.0
9,0,True,0.6419328254125114,0.22483305064221776,47082.09684233932,3.0,0.0
9,0,False,8.24532709175517e-08,4.057184353098714e-09,48871.3486936527,0.0,0.0
9,0,True,0.3444055329288411,0.09711380663434509,20303.075555857336,1.0,0.0
9,0,False,8.795349007974592e-07,4.9344214687541114e-08,46227.761269242474,0.0,0.0
9,0,False,1.932764287448395e-08,8.847329971785045e-10,62487.26747534592,0.0,0.0
9,0,False,1.1716087934945133e-11,3.894139569288888e-13,35963.11867542535,0.0,2.0
9,0,True,0.4934481156804835,0.15699900050805102,26710.285141690965,0.0,0.0
9,0,False,0.004632907916682371,0.0005436985220809423,36738.67738811537,0.0,0.0
9,0,True,0.5623725778732213,0.18751692532469758,44405.23446882413,8.0,0.0
9,0,True,0.32772621925670026,0.09095783450378925,52713.983317732986,2.0,0.0
9,0,True,0.2088466045833564,0.050684956636834026,30815.23140594622,3.0,0.0
9,0,False,7.979031847548075e-09,3.442648385646638e-10,15815.648966655266,0.0,0.0
9,0,True,0.688528451149659,0.24768865686853783,33161.093709784065,3.0,0.0
9,0,False,3.0339518457485397e-05,2.160103932319667e-06,41613.33286197245,0.0,0.0
9,0,False,2.4832224345589766e-10,9.289597456626586e-12,52982.17009614801,0.0,0.0
9,0,False,2.8197694754555106e-05,1.956936282526558e-06,25621.7035851262,0.0,0.0
9,0,False,3.145614474572655e-07,1.652562987263368e-08,54532.62594543417,0.0,0.0
9,0,False,1.084680462145933e-05,7.159783940598072e-07,53149.08730885093,0.0,1.0
9,0,False,5.858124493433426e-15,1.558422790736596e-16,35542.1453298042,0.0,0.0
9,0,True,0.6894513882988609,0.24815438147379165,44987.93201923933,1.0,0.0
9,0,False,7.492402702172959e-16,1.9472109394752203e-17,31033.991855950662,0.0,0.0
9,0,False,5.961651974309352e-12,1.9694332191320216e-13,43073.117755875835,0.0,0.0
9,0,True,0.461817996544607,0.13248557875372047,37749.74675103476,1.0,0.0
9,0,True,0.20402810339451335,0.04916702603572554,53162.917206283644,1.0,0.0
9,0,False,4.186808037868393e-11,1.4827322361688519e-12,68098.371777446,0.0,0.0
9,0,False,9.106945158620686e-06,5.821004197381942e-07,16670.56145712607,0.0,0.0
9,0,False,0.0013907687852256728,0.0001408436219821769,57080.843627023474,1.0,0.0
9,0,False,4.675354188846213e-05,3.3494629240801874e-06,27085.307789077237,0.0,0.0
9,0,False,5.111844796644482e-10,1.993825486807377e-11,65169.49367385788,0.0,0.0
9,0,True,0.4504929947732205,0.13878536562776816,58806.63900982251,3.0,0.0
9,0,False,2.8441330690099527e-13,8.518682142703804e-15,57737.290258258596,0.0,0.0
9,0,False,2.805191435778568e-16,7.104296117785462e-18,63722.3468578646,0.0,0.0
9,0,True,0.1926377520218076,0.04571235207936342,42510.76917523788,1.0,0.0
9,0,True,0.2668135676700993,0.06951975588626745,35483.76219387445,2.0,1.0
9,0,False,2.9060272923480093e-10,1.1080791805427853e-11,63174.08463712365,0.0,0.0
9,0,False,4.13378580429434e-06,2.554857540926164e-07,57466.66166738837,0.0,0.0
9,0,False,1.892628970849308e-20,3.8380775302977224e-22,49599.08079107702,0.0,1.0
9,0,True,0.17967316321480853,0.04183273643358815,28877.533340483646,1.0,1.0
9,0,False,6.381036325275605e-15,1.6651974915462235e-16,49471.06094155206,0.0,0.0
9,0,True,0.45120316696642204,0.13915488102071302,34426.94950476475,1.0,2.0
9,0,False,2.2099263279477815e-07,1.1459574925985447e-08,43606.30459342632,0.0,3.0
9,0,False,2.9411498894177164e-07,1.5485190643000995e-08,53508.50470872329,0.0,0.0
9,0,False,9.891882761891488e-16,2.5900215040993814e-17,43307.568007939815,0.0,0.0
9,0,False,1.4677650710766945e-19,3.1004752641243316e-21,45747.632728986064,0.0,0.0
9,0,False,4.945688484078135e-11,1.7622629129935539e-12,70019.78598752464,0.0,0.0
9,0,True,0.658567264875505,0.23291027555940416,36480.13507909509,1.0,0.0
9,0,False,1.8232527166022218e-17,4.3023059804392338e-19,31690.926531355974,0.0,1.0
9,0,False,6.534423954416552e-06,4.116419687500905e-07,43873.559847502525,0.0,0.0
9,0,False,1.3474491142938829e-05,8.862596836345373e-07,66156.93955092382,0.0,1.0
9,0,False,4.1304050002745055e-07,2.2173999953169048e-08,36981.245252367924,0.0,1.0
9,0,False,6.045509953727713e-09,2.591368311875019e-10,29345.54975323433,0.0,0.0
9,0,False,2.0094483581438318e-10,7.551688552670006e-12,60559.68599538358,0.0,0.0
9,0,False,1.204663285142738e-12,3.775461159538245e-14,40888.7386068462,0.0,1.0
9,0,True,0.5369134478245599,0.17485036999390785,44698.714641912535,1.0,1.0
9,0,True,0.17007242999353786,0.03901712078241327,40276.99612700371,1.0,1.0
9,0,True,0.20458445045253776,0.04936446082052106,38965.68330438557,1.0,0.0
9,0,False,9.559340347674353e-08,4.7400371430234065e-09,75950.46102750175,0.0,0.0
9,0,False,2.2195326797682342e-08,1.0225165655805205e-09,47084.05070962928,0.0,0.0
9,0,False,8.243793613402644e-13,2.4978822858277215e-14,40922.017881930115,0.0,2.0
9,0,False,4.2156196091769973e-07,2.2661435634158433e-08,36578.62535041559,0.0,0.0
9,0,False,3.912844838721671e-05,2.8411784317522773e-06,58380.47844950511,0.0,0.0
9,0,False,1.8660919013584878e-10,6.99273332093397e-12,63957.61939587696,0.0,0.0
9,0,False,4.833005149077583e-09,2.0745971784061057e-10,64223.25465587611,0.0,1.0
9,0,False,0.05475404626701441,0.009634431337400827,54150.787799280384,1.0,0.0
9,0,False,1.0012975030536454e-07,4.966012295891263e-09,31301.378008164807,0.0,0.0
9,0,True,0.27612652524139203,0.07268920008797579,17375.256349012707,1.0,0.0
9,0,False,1.9407135439037073e-13,5.645572046878503e-15,42366.18018642716,0.0,0.0
9,0,False,2.6413822303853605e-06,1.585743437563887e-07,72846.812204009,0.0,0.0
9,0,True,0.6823508463291341,0.24462126139021498,28733.99704167118,4.0,0.0
9,0,False,5.4576536740201535e-11,1.951796875117178e-12,55986.42149238216,0.0,0.0
9,0,False,2.0254699837401907e-10,7.419308212736622e-12,60847.05322331751,0.0,1.0
9,0,False,3.932481811299641e-08,1.8017327195658388e-09,45657.702677213056,0.0,1.0
9,0,False,3.1034015779567554e-07,1.5747434906348803e-08,24327.510003458017,0.0,0.0
9,0,False,2.2328220525050342e-12,7.127517134554452e-14,42678.27017433285,0.0,1.0
9,0,False,1.0307260139916974e-05,6.779192617250083e-07,40303.65277392125,0.0,1.0
9,0,True,0.5012743064608832,0.1603774929338094,37054.8595481632,1.0,0.0
9,0,True,0.4790836863800184,0.15085681305589488,53964.541086457146,1.0,0.0
9,0,False,2.0565415627798174e-07,1.0487821815009373e-08,58807.078878377215,0.0,0.0
9,0,True,0.6736727595514108,0.24032616440005924,46472.75365555887,1.0,0.0
9,0,False,1.796473473556746e-05,1.229676706373603e-06,49911.92497306787,0.0,0.0
9,0,True,0.24442795793750807,0.06205739418045613,50423.9707993979,1.0,0.0
9,0,False,0.00042992176757951096,3.841796315225854e-05,50538.68918924335,0.0,0.0
9,0,False,2.3786613322730265e-10,8.99850446448296e-12,45246.59368242482,0.0,0.0
9,0,False,1.1468284913595661e-13,3.3406374163596722e-15,46432.84724304882,0.0,1.0
9,0,False,5.327939337811642e-06,3.347466812896392e-07,41237.75550170884,0.0,0.0
9,0,False,7.026966064998482e-10,2.776668507947779e-11,58831.228886016244,0.0,0.0
9,0,False,1.698653810897642e-06,9.918398689325737e-08,48351.652213828056,0.0,0.0
9,0,False,2.1527308756308539e-16,5.376721724245666e-18,51449.91434361376,0.0,0.0
9,0,True,0.38973385296451757,0.11440520101984783,35431.41801677891,3.0,1.0
9,0,False,4.9779198532840436e-09,2.139640773975273e-10,60245.885917951135,0.0,0.0
9,0,False,1.8749177183974178e-07,9.547172969559777e-09,31162.78691453682,0.0,0.0
9,0,True,0.5992558068956018,0.2045430799283174,49052.31769627253,1.0,1.0
9,0,False,1.23883097947607e-11,4.1918542036746e-13,49973.4537731487,0.0,0.0
9,0,False,6.576405965572497e-08,3.1985527544109906e-09,57842.18704490758,0.0,0.0
9,0,False,6.091440321478629e-18,1.395892722658045e-19,51678.42891713612,0.0,0.0
9,0,False,3.145234743820824e-09,1.3246027378801922e-10,37758.7885040606,0.0,1.0
9,0,False,3.374702821101437e-07,1.741819272092107e-08,50647.0534394808,0.0,0.0
9,0,True,0.6014299382696415,0.20556149600131113,37049.395593973546,5.0,0.0
9,0,False,3.38406628023208e-06,2.0635634039905415e-07,58798.12108319423,0.0,0.0
9,0,False,4.139810662443448e-16,1.0591410831276021e-17,81109.18281128479,0.0,0.0
9,0,False,1.150409926701441e-05,7.619879329522132e-07,42547.60093765443,0.0,0.0
9,0,False,8.378007639099218e-05,6.470324163502997e-06,47255.204168868164,0.0,1.0
9,0,False,1.1963663830755018e-08,5.353295617493369e-10,39556.42573009846,0.0,0.0
9,0,False,1.0174490053074574e-05,6.68577192787695e-07,56612.641059328555,0.0,0.0
9,0,False,1.8467547838528898e-10,6.844309114433381e-12,13688.978622559373,0.0,0.0
9,0,True,0.6926914469311147,0.24976661772400613,42229.413084403815,4.0,0.0
9,0,True,0.6410302382496471,0.22439747219418324,27582.92644626045,1.0,1.0
9,0,False,6.313785432790539e-07,3.471301570760851e-08,37786.13602249404,0.0,1.0
9,0,False,2.5462570828393487e-17,6.050378788396459e-19,44958.56836096114,0.0,1.0
9,0,False,1.276214489233764e-05,8.522042641393548e-07,42214.554746580536,0.0,0.0
9,0,True,0.3313141511215889,0.09227695187505107,48342.64054746547,0.0,0.0
9,0,True,0.18496870155259373,0.04339848930932592,48078.094730916084,2.0,3.0
9,0,False,5.631300600509366e-25,9.396495444663066e-27,55707.359550902656,0.0,0.0
9,0,False,4.698558558091953e-08,2.24197405871475e-09,27481.301107401046,0.0,1.0
9,0,False,3.0018563923393643e-13,8.903190591999906e-15,53705.60250977427,0.0,0.0
9,0,True,0.6548268034431993,0.23108554627427563,44562.08161462831,2.0,0.0
9,0,False,8.10937608271323e-13,2.5085276795677072e-14,35175.77209099338,0.0,0.0
9,0,False,2.0358741621961604e-14,5.640221132674024e-16,46429.08558602698,0.0,1.0
9,0,True,0.6605843583684211,0.23389596444974053,47636.62218799342,2.0,0.0
9,0,False,3.204869849400913e-06,1.9480801867133123e-07,40578.79199416671,0.0,0.0
9,0,True,0.6800908314044415,0.24350028297235932,48353.53664979786,2.0,0.0
9,0,False,7.148187436189183e-08,3.4915320156551347e-09,34464.49238318803,0.0,0.0
9,0,False,2.044445048651789e-06,1.1852496429642107e-07,33956.74325579561,0.0,0.0
9,0,False,3.0413276939667987e-05,2.165649122347387e-06,44894.56974417567,0.0,0.0
9,0,True,0.13805069695086447,0.029156959119546976,44657.32994266153,0.0,0.0
9,0,True,0.571476860011536,0.19167534376913994,41057.69300668753,1.0,1.0
9,0,False,0.04129323290495278,0.006868484406731149,30391.562771952667,1.0,2.0
9,0,True,1.073891637710593,0.3551348257532147,37128.75034398939,1.0,0.0
9,0,True,0.48657385993499747,0.15404860673325696,47161.07511555767,3.0,1.0
9,0,False,2.7451510170154944e-10,1.0417475328285856e-11,28422.696252656533,0.0,0.0
9,0,False,0.0002112970832885696,1.748022524452649e-05,30104.58539424991,0.0,0.0
9,0,False,1.4731114669164544e-13,4.322489084608402e-15,41102.773051129334,0.0,0.0
9,0,False,1.2621641550211515e-08,5.457031152508622e-10,50141.08339334317,0.0,0.0
9,0,False,4.989607327639138e-12,1.6391710531099397e-13,52609.43370393043,0.0,0.0
9,0,False,4.833071410165966e-07,2.5191358899678155e-08,45707.89971408581,0.0,0.0
9,0,False,1.4461642172381902e-06,8.357565215883541e-08,28781.608928703896,0.0,0.0
9,0,False,2.2661778696794183e-06,1.3405682732929743e-07,33356.79331499726,0.0,0.0
9,0,True,0.6621599892411199,0.23466709471424402,54343.63568094982,1.0,0.0
9,0,True,0.6478494791262961,0.22769524779197164,26200.30294198964,1.0,1.0
9,0,True,0.6321739209175106,0.22013822244514442,46394.9727186495,2.0,0.0
9,0,False,4.144831227911171e-06,2.562134241169673e-07,37045.01833537631,0.0,2.0
9,0,False,3.5503438301583987e-15,9.48251891265978e-17,43530.23929715511,0.0,0.0
9,0,False,1.4320529350621054e-13,4.198471839867095e-15,61583.11665307966,0.0,0.0
9,0,False,2.111188603131908e-05,1.4625103901012134e-06,38887.887527690116,0.0,0.0
9,0,False,1.0180268508362714e-14,2.7482823549553106e-16,46089.72503971955,0.0,1.0
9,0,True,0.6842530910171061,0.24556615490989275,54477.81986876982,1.0,0.0
9,0,False,2.3372367261755708e-05,1.58152757211309e-06,48455.59087925682,0.0,1.0
9,0,False,1.3583353469695594e-05,9.08113578656916e-07,69015.50167628471,0.0,0.0
9,0,False,0.0027217069710846497,0.0002984595348536557,27796.653230458167,0.0,0.0
9,0,True,0.4001497443881367,0.11849449580552762,44346.862282206625,2.0,0.0
9,0,False,2.8007478616031474e-07,1.399556507046653e-08,53459.64006352901,0.0,1.0
9,0,True,0.6146095960312836,0.21176731844935895,44204.99003044099,4.0,1.0
9,0,False,2.750131870564128e-08,1.2804794993797377e-09,74946.34704347154,0.0,0.0
9,0,True,0.6549403971447175,0.23114115468635046,46022.39360347225,2.0,0.0
9,0,False,6.092418302440825e-19,1.3312094259976866e-20,64821.906125151414,0.0,0.0
9,0,False,2.1243583856030274e-06,1.2340954185698436e-07,31970.250072517083,0.0,0.0
9,0,False,4.039271314246597e-06,2.4926457769537453e-07,44392.925824715436,0.0,0.0
9,0,False,5.967292112550077e-08,2.8878385569095743e-09,40692.06415630388,0.0,0.0
9,0,False,0.001224169355431409,0.00012178283249362805,55181.57875576127,1.0,1.0
9,0,False,5.984275351324503e-06,3.790941642272562e-07,63442.156380409746,0.0,0.0
9,0,False,0.0011015874404222948,0.00010702499101349404,35565.904821353826,1.0,2.0
9,0,False,1.7333501238035105e-06,1.0129193015596779e-07,30628.52266725848,0.0,0.0
9,0,False,3.5309577210767664e-09,1.4946511989459158e-10,22073.50094731798,0.0,1.0
9,0,False,2.2265767191704977e-12,7.087297657961824e-14,34712.305860611785,0.0,0.0
9,0,False,0.06513600307047175,0.011885682894508762,53538.19957365973,1.0,0.0
9,0,True,0.3350005446753907,0.09363170649837767,26118.14461846752,0.0,0.0
9,0,True,0.5442545408441397,0.17932921936294194,44065.33978556789,3.0,0.0
9,0,False,9.065514864253167e-10,3.619048166876527e-11,49364.81497815362,0.0,0.0
9,0,False,1.9667208938111345e-06,1.158866302436179e-07,32595.94327725314,0.0,0.0
9,0,True,0.640791587728655,0.2242822846415216,25072.66884935912,1.0,0.0
9,0,False,3.7646076845453826e-09,1.589517614704337e-10,19658.250888864426,0.0,0.0
9,0,False,0.0001395944502500618,1.1262963717422569e-05,52070.7704052674,0.0,0.0
9,0,True,0.6846673741790392,0.24577037389610212,52214.639220540914,2.0,0.0
9,0,False,6.569797093715692e-11,2.365802537419519e-12,45942.377168210645,0.0,0.0
9,0,False,1.6407718429544676e-06,9.555759522310211e-08,30080.52775837187,0.0,0.0
9,0,False,6.355688666713182e-07,3.4981743388087245e-08,46470.20237929277,0.0,0.0
9,0,False,5.815280095579856e-10,2.2360119338074033e-11,72343.89224468477,0.0,0.0
9,0,False,0.00019376836870510551,1.609772654646491e-05,44609.584576420086,0.0,0.0
9,0,False,7.353505610621052e-05,5.617808385019065e-06,75160.30325608815,0.0,1.0
9,0,False,4.7806684888054184e-11,1.7007779043579727e-12,65351.09967276858,0.0,0.0
9,0,False,1.391416315057128e-06,8.025174565557177e-08,23714.00020892961,0.0,2.0
9,0,False,0.0032495314268107312,0.0003642860031262896,36324.0724752268,1.0,1.0
9,0,True,0.41296383271729586,0.12358572693561946,41444.379739269134,1.0,0.0
9,0,False,4.420832019694803e-14,1.248125927742434e-15,29504.023242346197,0.0,0.0
9,0,False,1.954076538867034e-06,1.1054037820956761e-07,41301.6929363127,0.0,0.0
9,0,False,1.074105828110895e-11,3.6230648626301995e-13,23528.100312116963,0.0,0.0
9,0,False,8.871860887953279e-10,3.539624087604102e-11,56547.47348659143,0.0,1.0
9,0,False,9.861014656336321e-06,6.465554052869399e-07,34736.81687734283,0.0,0.0
9,0,False,6.513585756481577e-05,4.855063575139545e-06,29653.66467503965,0.0,0.0
9,0,False,1.029427528236056e-06,5.826955931924718e-08,30914.282234159655,0.0,0.0
9,0,False,4.889531014872641e-07,2.6507043368447488e-08,39530.63987694032,0.0,1.0
9,0,False,2.1347736388899128e-11,7.377793222903832e-13,70652.41884750235,0.0,1.0
9,0,False,5.06652774106325e-08,2.4317805417720463e-09,23769.942134197678,0.0,0.0
9,0,False,4.1857104070316147e-07,2.2336485441983656e-08,45739.05904858733,0.0,1.0
9,0,False,1.3217358201949103e-11,4.4908806080653293e-13,45089.770558394506,0.0,0.0
9,0,False,5.8229649841565745e-09,2.520617112405911e-10,66872.56564254293,0.0,1.0
9,0,False,9.201448645800017e-08,4.5535118686246495e-09,24914.13506739135,0.0,0.0
9,0,False,9.183698717561535e-05,7.147498357891782e-06,55329.94182569516,0.0,0.0
9,0,True,0.6209277090795661,0.21476829045619256,26316.772866795265,2.0,1.0
9,0,False,0.0009143858323538025,8.848818129279085e-05,16175.53964877224,0.0,0.0
9,0,True,0.7383461708412369,0.22081366930062957,37562.82817289251,1.0,1.0
9,0,True,0.6680115487442527,0.23753784034165012,41491.02756640825,2.0,0.0
9,0,False,2.1818891803538627e-15,5.837094455767444e-17,61334.3418230864,0.0,1.0
9,0,True,0.6740521097420179,0.24051339138565306,46110.59778413829,1.0,0.0
9,0,True,0.6836674884281572,0.24527514826592633,55485.87758387706,1.0,0.0
9,0,True,0.1476234663160062,0.03263272353104335,37975.86273854981,1.0,0.0
9,0,False,5.750218023366148e-07,3.146604801179885e-08,47060.58925788989,0.0,0.0
9,0,True,0.6720243702402829,0.23951316498754996,42172.754071710246,1.0,0.0
9,0,False,1.2511519677086653e-05,8.342810893762741e-07,49059.2771309855,0.0,0.0
9,0,True,0.6486421875177578,0.2280772196114607,41014.70522836743,2.0,0.0
9,0,True,0.5052941492234533,0.16212156547255532,37650.2485020941,2.0,0.0
9,0,False,3.0672345885812647e-06,1.8590648054291839e-07,22360.69351212326,0.0,0.0
9,0,False,0.002134888082744759,0.00022733647206827875,40235.288117668504,1.0,0.0
9,0,True,0.6761255147783609,0.24153756734766044,48367.038367841655,1.0,0.0
9,0,True,0.6469992728970815,0.22728322105163204,44633.5539013021,2.0,0.0
9,0,False,4.250201168745659e-06,2.63027983097403e-07,62940.169081354106,0.0,1.0
9,0,False,2.127129575322627e-06,1.2596019253252763e-07,40737.69099106527,0.0,0.0
9,0,True,0.3612884949324067,0.10345142621749816,51247.092672574494,1.0,0.0
9,0,True,0.27706691106251546,0.07301509383591144,33265.98330101268,1.0,1.0
9,0,False,6.090370543464787e-07,3.3438573063818644e-08,41261.613076016656,0.0,0.0
9,0,False,0.009075658403743749,0.0011697302157792444,16798.97809152902,0.0,19.0
9,0,True,0.6928112573367472,0.24983205670251646,43150.50826005482,4.0,0.0
9,0,True,0.6931461253526049,0.24999925474253037,29085.529668116273,2.0,0.0
9,0,False,0.0027451425246272244,0.00030134815991546336,44714.83890703131,1.0,0.0
9,0,False,0.003399851457528279,0.0003833209720070084,58863.55511507807,0.0,0.0
9,0,False,2.651312252152573e-09,1.1082612234278468e-10,43691.799955525574,0.0,0.0
9,0,False,4.249294068303987e-12,1.3853367245434267e-13,53307.39844232555,0.0,0.0
9,0,False,2.826127171206556e-06,1.7040146023243457e-07,38805.33250155273,0.0,0.0
9,0,False,4.015764160741443e-09,1.7095926655969199e-10,72942.51992889319,0.0,0.0
9,0,False,0.000307916877513772,2.670319877036482e-05,48707.44646761901,0.0,0.0
9,0,True,0.31837398788625737,0.08752484365862447,30339.800826355622,6.0,1.0
9,0,False,3.1964311676603766e-06,1.9412887661044222e-07,22252.4878827465,0.0,0.0
9,0,False,8.600750252000397e-11,3.126762741565656e-12,40388.40483357061,0.0,0.0
9,0,True,0.36123554952252307,0.10343638265255867,29902.252194742032,1.0,2.0
9,0,True,0.6561701576532724,0.23174040215658057,40567.71890123798,1.0,0.0
9,0,False,7.720757445196463e-08,3.786177906635516e-09,78309.31414881416,0.0,0.0
9,0,False,2.6399682807471734e-16,6.67221840088067e-18,49885.27775010117,0.0,0.0
9,0,True,0.38549944836623484,0.11275475734879185,41104.09633805381,1.0,0.0
9,0,True,0.58144984782314,0.19625257880135547,36787.97903517451,2.0,0.0
9,0,True,0.68635907057861,0.24661363166419836,46846.3648054303,1.0,0.0
9,0,True,0.127433332123956,0.027139796740099663,48534.94888106405,1.0,1.0
9,0,False,7.186797873637467e-06,4.393993333776521e-07,29359.888641806523,0.0,1.0
9,0,False,1.444950321215139e-09,5.830537761558982e-11,36922.06948580603,0.0,0.0
9,0,False,0.0003583141700247596,2.9593063858140007e-05,42520.0444890035,0.0,0.0
9,0,False,4.15505640163468e-06,2.542401744005782e-07,39643.34454280689,0.0,0.0
9,0,True,0.38379977035574175,0.11125046648889862,50345.104464172866,3.0,0.0
9,0,True,0.5910315191966343,0.20048486441831107,24985.14669247231,2.0,0.0
9,0,True,0.617114109853105,0.2129571322164137,44349.56370460104,2.0,0.0
9,0,True,0.26118132172023173,0.06761897032113141,34943.91812076388,2.0,0.0
9,0,False,2.044617044041299e-05,1.408783600481878e-06,28056.94982169903,0.0,0.0
9,0,True,0.5847975185463103,0.1978120332134489,47719.96756985087,3.0,1.0
9,0,True,0.5876857899343413,0.19915083586296844,29710.66145638498,1.0,0.0
9,0,False,6.754140850818719e-13,2.0779457580038857e-14,39841.32308698871,0.0,1.0
9,0,False,1.5793315675171935e-07,7.838910247758786e-09,56215.805030086696,0.0,0.0
9,0,False,5.966111084277519e-07,3.220101540123458e-08,42658.41807763301,0.0,1.0
9,0,False,2.096334129738867e-07,1.0839321888798579e-08,60718.81208244963,0.0,1.0
9,0,False,0.004091058493979762,0.00047234383990352424,52924.06189861373,0.0,0.0
9,0,False,1.7102215986098964e-07,8.745839401124277e-09,49665.776884710496,0.0,0.0
9,0,False,7.401937794519205e-06,4.7573125585954583e-07,29909.106038162183,0.0,0.0
9,0,False,6.520088875699852e-10,2.5678410547328372e-11,94211.94399062314,0.0,0.0
9,0,False,6.1490800995829756e-06,3.898115627553504e-07,54837.060889834924,0.0,0.0
9,0,True,0.5284176309600798,0.17226837153509547,23474.097468506498,3.0,0.0
9,0,True,0.30715841993613896,0.0835422679419567,37089.82053997359,1.0,1.0
9,0,True,0.6882855881014531,0.2475731454958602,54364.597618335654,1.0,0.0
9,0,False,4.892946457836476e-06,2.923482408233832e-07,36170.33422518614,0.0,0.0
9,0,False,2.757042868853334e-14,7.699159577193708e-16,38528.79309994567,0.0,0.0
9,0,False,4.8376063027976366e-08,2.313418203276095e-09,52197.98953740251,0.0,0.0
9,0,False,8.800572738544434e-09,3.839921673461926e-10,22478.69481949479,0.0,0.0
9,0,False,3.578919931304142e-05,2.580519216656581e-06,54883.319456701756,0.0,0.0
9,0,False,6.273307864482196e-11,2.2511762759300333e-12,56708.67572496386,0.0,0.0
9,0,False,2.1003210824836233e-17,4.981760143286464e-19,78199.68383828663,0.0,0.0
9,0,False,1.2799655722903035e-08,5.596450923182728e-10,38154.21135568407,0.0,0.0
9,0,True,0.3799998526298059,0.1082881891281285,34054.59063264334,1.0,0.0
9,0,False,2.9339633108198184e-08,1.3687940236511625e-09,57426.479232867605,0.0,0.0
9,0,True,0.45028755705313644,0.13877554978746232,40940.10491938226,1.0,0.0
9,0,False,5.354093900132542e-05,3.985506709174082e-06,57051.897011610126,0.0,0.0
9,0,True,0.43601135105754535,0.13290228499704548,49781.05134788638,1.0,0.0
9,0,False,7.479061137320872e-13,2.308713429410397e-14,49386.913517214416,0.0,0.0
9,0,True,0.5584178585850658,0.1857197836878618,35159.35008916837,3.0,11.0
9,0,False,2.454481569600718e-14,6.801417030976595e-16,52877.23148524507,0.0,0.0
9,0,False,4.424993519501075e-10,1.6737524740929525e-11,35151.52210699068,0.0,0.0
9,0,False,1.6361169002476915e-06,9.531079168317586e-08,46015.362435126786,0.0,0.0
9,0,False,2.559986057659219e-07,1.338252785740727e-08,54724.98369079159,0.0,1.0
9,0,False,6.028108365764457e-22,1.1410846261112212e-23,58181.59663557404,0.0,0.0
9,0,True,0.6535433479193982,0.23045769953070266,38205.88315816197,3.0,2.0
9,0,False,0.04009622051490507,0.006631607229220244,53319.42581276857,0.0,0.0
9,0,False,4.404250967129032e-05,2.9898741360774507e-06,41327.435510338495,0.0,1.0
9,0,True,0.43147635648362315,0.1300184478949936,53105.75674263518,1.0,0.0
9,0,False,0.00012684846147858765,1.014931850402462e-05,25073.85160679682,0.0,0.0
9,0,True,0.6871179346210249,0.24699143987588512,68883.428285132,1.0,0.0
9,0,False,3.9837557896271384e-06,2.456151491376896e-07,35074.631589242264,0.0,1.0
9,0,False,0.0005612805207047202,5.1626418140465845e-05,42075.86253523719,0.0,1.0
9,0,False,5.414605661637426e-13,1.620872633619985e-14,39046.311743208935,0.0,0.0
9,0,False,1.1012050103844086e-08,4.90844773548131e-10,41519.45320365199,0.0,0.0
9,0,True,0.6920506883699072,0.24945162336595278,30898.56181924811,1.0,3.0
9,0,False,3.851791978700218e-09,1.5933095782423638e-10,53944.504892537654,0.0,0.0
9,0,True,0.681190792391241,0.24404566643709388,35822.925893341395,3.0,1.0
9,0,False,4.704044752916376e-07,2.5445313042915117e-08,60469.94880330248,0.0,0.0
9,0,False,1.370899485073961e-10,5.07618746677907e-12,39468.594702563336,0.0,1.0
9,0,False,3.5310004888738867e-06,2.159113159493038e-07,54706.98076027332,0.0,0.0
9,0,False,3.730427131262225e-05,2.636678641960869e-06,29363.92338753991,0.0,0.0
9,0,False,2.172400571738626e-10,8.18885463648777e-12,55406.77140365116,0.0,1.0
9,0,False,0.0003534060258689448,3.105446044105823e-05,50288.10121435493,0.0,1.0
9,0,False,8.737987580897535e-17,2.1474451943308098e-18,52129.490629394124,0.0,0.0
9,0,False,1.1393417358748082e-10,4.1145798296989795e-12,48245.87426593999,0.0,0.0
9,0,False,1.0701852517642647e-09,4.3031266127700117e-11,66978.91076774472,0.0,0.0
9,0,True,0.29470940210473656,0.07913881159722093,33886.104185926175,2.0,1.0
9,0,True,0.4591949433218851,0.1382578771349968,49305.33872569348,1.0,0.0
9,0,False,1.7333637295704306e-09,7.113635863291822e-11,24254.460060272704,0.0,0.0
9,0,False,5.035678105981019e-09,2.1655486925228128e-10,45054.12760526713,0.0,0.0
9,0,True,0.6448358621221628,0.22623589606908487,47085.98085927785,3.0,1.0
9,0,False,3.8497767367171743e-07,2.058866477068569e-08,24917.427818797416,0.0,2.0
9,0,False,0.025186251635535548,0.0034371536777847303,33666.68286931746,2.0,0.0
9,0,False,4.944494184948572e-18,1.1061999598904934e-19,40140.553681576996,0.0,0.0
9,0,False,3.07439155417405e-06,1.8637765610947533e-07,40219.81623139956,0.0,0.0
9,0,False,1.6549348648324786e-09,6.778438981657413e-11,37945.30212386112,0.0,0.0
9,0,False,5.7101780848074305e-19,1.2448165009057438e-20,32006.53222187667,0.0,1.0
9,0,False,6.214216656841359e-07,3.4158564875406495e-08,42763.89488425507,0.0,1.0
9,0,False,1.1947067634262264e-06,6.82696148974238e-08,52542.08168385691,0.0,0.0
9,0,True,0.45426669756948196,0.1404263900970954,35502.49667797031,1.0,0.0
9,0,False,1.7235688937077173e-14,4.67500026385798e-16,55820.68366290281,0.0,0.0
9,0,True,0.5631411895288887,0.18786695846964688,33177.83324918846,2.0,1.0
9,0,False,8.983582753957606e-09,3.966623168598732e-10,51518.02738524471,0.0,0.0
9,0,True,0.3711205637184124,0.10694514300354854,43399.38658770302,5.0,0.0
9,0,True,1.2578000450476199,0.45747950726212483,19168.294913889255,1.0,0.0
9,0,False,2.767202468717037e-10,1.0460164286722843e-11,32412.30732828638,0.0,0.0
9,0,False,3.631348825647488e-05,2.6215081585988133e-06,56209.31625573184,0.0,1.0
9,0,False,4.4411752734743356e-09,1.8923415518660854e-10,47782.69109327953,0.0,0.0
9,0,False,1.3723703164578737e-06,7.871642533204918e-08,42830.84604547659,0.0,1.0
9,0,True,0.6269374626108013,0.21763247987183224,61601.05195523912,1.0,0.0
9,0,True,0.6894377514658645,0.24814757990042147,42964.52356927563,1.0,0.0
9,0,False,1.677901616844069e-09,6.848048628499342e-11,43147.18321813711,0.0,0.0
9,0,False,5.896828545422694e-05,4.419147331658553e-06,15812.880776298833,0.0,0.0
9,0,True,0.6696436709958421,0.2383404398476686,39451.45028868692,3.0,0.0
9,0,True,0.20727698061851557,0.05019760818100185,37712.15195862537,1.0,0.0
9,0,True,0.534547580970054,0.17498708514703232,68811.39579264668,1.0,0.0
9,0,False,1.6944288987785162e-08,7.706480126160356e-10,40191.5312960426,0.0,0.0
9,0,True,0.6644669743403882,0.23579244113075984,21773.131079314866,3.0,1.0
9,0,False,2.4418730324588852e-05,1.6303710868231306e-06,36608.60787246345,0.0,0.0
9,0,False,1.0597300014916445e-09,4.2288290810900533e-11,48324.140821494184,0.0,1.0
9,0,False,9.599651427320024e-07,5.413821115620351e-08,43953.635765631756,0.0,1.0
9,0,False,0.04270095454957279,0.007149056765374531,45864.29360532068,1.0,0.0
9,0,False,1.3065908877804713e-13,3.790695154963782e-15,60637.85022038749,0.0,0.0
9,0,False,9.798761773337969e-14,2.8426451352100333e-15,37054.75557272728,0.0,0.0
9,0,False,3.7535587631798545e-07,1.9866086536711043e-08,59607.57581785093,0.0,0.0
9,0,True,0.5150009703329134,0.1663572909864133,39067.27327008643,2.0,0.0
9,0,False,2.878432500826918e-10,1.0748258850711663e-11,22206.109680009376,0.0,0.0
9,0,False,1.5058518009718645e-09,6.139333001148919e-11,28846.66390870604,0.0,0.0
9,0,True,0.6294792214603648,0.21884758562099252,31446.029394483616,1.0,0.0
9,0,False,4.699710958456921e-06,2.8693623746424405e-07,35462.29081345644,0.0,0.0
9,0,False,0.022766273493004332,0.0033964151637009997,31933.539351027975,0.0,0.0
9,0,False,3.9796311029136806e-08,1.8871359572114e-09,41419.39734562385,0.0,0.0
9,0,False,1.7710605682687647e-05,1.2110620092895538e-06,59542.589966065956,0.0,0.0
9,0,True,0.3800956207930696,0.1106589254262578,54512.61479797808,1.0,0.0
9,0,False,2.110171365295448e-09,8.725952532026713e-11,31497.92225834982,0.0,0.0
9,0,False,1.1780696599956809e-08,5.245867193464407e-10,24465.205697748934,0.0,0.0
9,0,True,0.6502460652150543,0.22885799386655276,48574.124276525385,1.0,0.0
9,0,False,0.05999576148918845,0.01075818334290861,22841.14828049662,0.0,0.0
9,0,False,3.252299406286253e-07,1.722921013437205e-08,45419.56360515279,0.0,0.0
9,0,True,0.3724887623184217,0.10772854037584004,31585.43037613878,2.0,0.0
9,0,False,0.06019318694127291,0.01080197026427541,32868.004063160464,6.0,1.0
9,0,False,1.7109956011533335e-06,9.994949110186589e-08,25718.672251942964,0.0,1.0
9,0,False,1.573310126159013e-07,8.009676782347934e-09,66091.4321523534,0.0,0.0
9,0,False,3.6231355010915476e-10,1.3937030424588846e-11,36165.8624261561,0.0,0.0
9,0,False,3.632833968537209e-05,2.6226927192730405e-06,29094.089430204764,0.0,1.0
9,0,False,0.0709685542615991,0.013191296202721274,44307.57192085534,0.0,0.0
9,0,False,0.003274358355498681,0.00036741994694359495,27280.104499898967,0.0,0.0
9,0,False,1.3987676049141137e-05,8.982782656980392e-07,42766.65680637083,0.0,0.0
9,0,True,0.2871407276198508,0.07649481285305477,34897.27528839616,2.0,1.0
9,0,True,0.1832773355204594,0.04290239386487631,68283.00314846858,1.0,0.0
9,0,False,1.0533747341068806e-12,3.2786430940334825e-14,53732.250777541085,0.0,0.0
9,0,True,0.6931524441819609,0.25000016979063466,30777.02276197114,2.0,0.0
9,0,False,3.202595516115818e-06,1.933181633293186e-07,26738.616864232663,0.0,1.0
9,0,False,0.00024353603213096532,2.066053237694305e-05,55127.443050129776,0.0,0.0
9,0,False,1.296950288677586e-14,3.504762500479351e-16,45893.176012514254,0.0,1.0
9,0,False,6.154954866614299e-05,4.632802937939524e-06,29859.124231635193,0.0,2.0
9,0,True,0.4865837672189932,0.1540542954934257,56253.66422187053,4.0,0.0
9,0,True,0.4169310845842687,0.12517475459037491,25393.740661945347,1.0,3.0
9,0,False,0.0003892379037549966,3.452474504955211e-05,28069.73314213996,0.0,0.0
9,0,True,0.35583375631630815,0.10139437615416323,50428.59766328077,1.0,0.0
9,0,True,0.6313668526029313,0.219742837565702,14789.738696718905,4.0,0.0
9,0,False,0.002316386084494393,0.000249082621143626,53788.82269206596,0.0,0.0
9,0,False,3.1265005073776204e-05,2.225935758896736e-06,25575.926478303267,0.0,1.0
9,0,False,4.922383450957812e-16,1.2651079754261991e-17,52435.7083264189,0.0,0.0
9,0,False,2.4323144222068446e-06,1.4469179558998575e-07,30420.742828449103,0.0,0.0
9,0,False,1.9295103035439956e-08,8.831720603251326e-10,31112.315412315562,0.0,0.0
9,0,False,1.8235406310117583e-23,3.2337377358954027e-25,46342.06210376871,0.0,0.0
9,0,True,0.6821344373135533,0.24451380724075736,38166.446374922394,4.0,0.0
9,0,True,0.3068851707974075,0.08344489148533443,41931.4887237934,1.0,0.0
9,0,True,0.6913365568652698,0.24908374864150198,26850.588279553078,2.0,0.0
9,0,True,0.6538921058659961,0.23059699138795323,45470.28054682914,3.0,0.0
9,0,True,0.6329578201104605,0.2205126934307599,28952.321408864118,2.0,0.0
9,0,True,0.8522170750970344,0.28170980963261505,42535.892231940146,3.0,2.0
9,0,False,1.4134927130610396e-16,3.4772304051934985e-18,41810.03546995116,0.0,0.0
9,0,True,0.6133048171412347,0.21115232718939755,44352.39114014795,1.0,0.0
9,0,False,5.765613605586121e-15,1.521621547349909e-16,40517.31305502419,0.0,0.0
9,0,True,0.6637690750746218,0.23545536629913516,51085.732942314826,1.0,1.0
9,0,True,0.6771568160981809,0.2420475247552359,49951.918737965585,2.0,0.0
9,0,False,1.5418480103270567e-12,4.7725119426522757e-14,52482.94985706156,0.0,1.0
9,0,True,0.6925233487746487,0.24968814887729088,51425.11014582283,4.0,2.0
9,0,False,6.85185951832299e-06,4.2095934930004337e-07,76547.62742786051,0.0,1.0
9,0,False,9.415526881687225e-08,4.442533763780122e-09,38969.95073939736,0.0,0.0
9,0,False,2.0851682179823153e-21,4.0401358575571556e-23,58530.74624459254,0.0,0.0
9,0,False,0.0009142354906952131,8.530721320312483e-05,21974.466758016653,0.0,1.0
9,0,False,0.005296535728496891,0.0006328238079902457,36849.93649046792,0.0,0.0
9,0,False,7.017202328509461e-17,1.6960858307297688e-18,41673.7271395831,0.0,0.0
9,0,True,0.689993039971355,0.24842451835070817,30673.515444068205,2.0,1.0
9,0,True,0.6930749818138555,0.2499639014731894,33469.635716964134,3.0,1.0
9,0,False,0.0006144572497125554,5.704061561458867e-05,73867.4609593572,0.0,0.0
9,0,False,2.508430729403542e-05,1.7602447622582551e-06,51028.404365341805,0.0,0.0
9,0,False,8.694665654962157e-07,4.874514592514844e-08,35151.86640360262,0.0,1.0
9,0,False,4.7568866940669083e-11,1.6925549165046296e-12,55422.1490896916,0.0,0.0
9,0,True,0.30358115333398505,0.08227001391246537,44135.77770361311,1.0,0.0
9,0,False,5.559222280975066e-05,3.946322756997386e-06,65525.53309972119,0.0,0.0
9,0,True,0.6908101163747479,0.24883237846521764,42098.26029544218,2.0,0.0
9,0,False,4.73242762106804e-05,3.4884001124662877e-06,57727.728609403246,0.0,0.0
9,0,False,4.1854564815476545e-07,2.2490133556757675e-08,37342.86536965582,0.0,0.0
9,0,True,0.69040659768022,0.2486309607692173,40031.43578185175,2.0,1.0
9,0,True,0.6559147763724085,0.23161583866385999,17798.547459965648,10.0,176.0
9,0,False,0.0008784507502789096,8.451519201512716e-05,23298.366811924112,0.0,0.0
9,0,False,5.8354518741669904e-08,2.8209162224097847e-09,50860.077797819344,0.0,0.0
9,0,True,0.4900588456177544,0.15554287946004844,54153.97250330871,2.0,0.0
9,0,True,0.6053675784562611,0.20741028134279735,19934.85994237996,1.0,1.0
9,0,False,5.851442094513271e-05,4.387434450573884e-06,54914.61107283958,0.0,0.0
9,0,False,2.392203644757119e-07,1.245885237271017e-08,35325.78884256173,0.0,0.0
9,0,True,0.6763510655782372,0.24164902896025192,48022.697765019904,2.0,0.0
9,0,True,0.6799123110175496,0.24340601923132527,17803.618659939744,3.0,0.0
9,0,True,0.38521371723907777,0.11264365607414305,59778.17503370578,1.0,0.0
9,0,False,4.0467355277448815e-05,2.9462949122008805e-06,57806.465253806324,0.0,0.0
9,0,False,4.456836348448634e-09,1.9059897135798663e-10,70073.62333175346,0.0,1.0
9,0,False,1.3318480135866075e-06,7.628372183409263e-08,56553.0305129021,0.0,0.0
9,0,False,4.1147466555052446e-09,1.7536298648211483e-10,35817.13403066894,0.0,0.0
9,0,True,0.6776882677798282,0.24231045613489746,29497.812349264972,1.0,0.0
9,0,True,0.43606177015446856,0.13291619754337466,31524.718662732856,2.0,0.0
9,0,True,0.6013746425697285,0.20553556760857958,40452.1364913715,5.0,0.0
9,0,False,7.243553971582005e-09,3.0960113399595384e-10,42833.56286695225,0.0,0.0
9,0,False,1.8182350995036577e-07,9.329000588317234e-09,47223.91962110749,0.0,0.0
9,0,False,0.020707075810763892,0.0030397073308567157,43066.97695873054,1.0,0.0
9,0,False,0.0012938481602083253,0.00013005232394421536,32679.697221567418,1.0,1.0
9,0,True,0.39075974892513476,0.11480613640369516,37256.95372216927,1.0,0.0
9,0,False,1.0996087640388255e-06,6.252125016672405e-08,42802.34772495937,0.0,0.0
9,0,False,0.00031864286440329943,2.7723749461696197e-05,36087.18659614008,0.0,0.0
9,0,False,0.0001931567895549992,1.6042314262032518e-05,26763.05938469216,0.0,0.0
9,0,True,0.6867853809510847,0.246825851354781,31730.426117627067,1.0,1.0
9,0,False,3.759531962701196e-07,2.0078934974234737e-08,57615.35631932546,0.0,0.0
9,0,True,0.5021486165371334,0.16074566208128807,18676.488337668525,10.0,191.0
9,0,True,0.6922796303259885,0.24956635033810728,47332.74556807978,1.0,1.0
9,0,False,1.4296006494600958e-17,3.3522749946325513e-19,56417.60856028264,0.0,0.0
9,0,False,0.00025803145029733445,2.2008224289504616e-05,50117.32422773659,0.0,1.0
9,0,False,0.0001363205601513353,1.0975958443015404e-05,58509.89251908172,0.0,0.0
9,0,False,0.0795839840161727,0.015170533930971158,50292.54845575478,0.0,0.0
9,0,True,0.20226505468823552,0.04864949675310081,48759.23427403775,1.0,0.0
9,0,True,0.33440646353374354,0.0934129954816285,30947.982002924276,2.0,0.0
9,0,False,5.260352335203427e-06,3.303094454665365e-07,63572.009230900374,0.0,0.0
9,0,False,6.291480312335365e-08,3.051660465138426e-09,25530.86191377229,0.0,0.0
9,0,False,0.10881002645629301,0.02229673631075037,62083.112440568635,0.0,1.0
9,0,False,1.4040332044413512e-16,3.492768592198076e-18,56446.7447367272,0.0,1.0
9,0,False,3.488887496281842e-07,1.812057442543567e-08,55339.39558339195,0.0,0.0
9,0,False,0.097653067743007,0.019504825791288018,37246.43788314798,0.0,0.0
9,0,False,3.713211721780178e-18,8.3428484163754e-20,41817.95742657723,0.0,0.0
9,0,False,9.548994241695048e-14,2.745963409517262e-15,44057.88466659785,0.0,1.0
9,0,False,1.9299712534667966e-11,6.640558520484306e-13,52633.59585983832,0.0,1.0
9,0,False,0.000858873550503182,8.256265444374426e-05,29996.31096166337,0.0,0.0
9,0,False,4.162604380811706e-09,1.774640770386161e-10,47752.51432690547,0.0,0.0
9,0,False,3.958822815047464e-08,1.8767789146750934e-09,48532.0522113571,0.0,0.0
9,0,False,5.4906920609959304e-05,4.095800046683804e-06,34756.90111866802,0.0,0.0
9,0,False,0.0001042948330409127,7.680080766385748e-06,33667.69641920923,0.0,0.0
9,0,False,4.161795451615219e-09,1.7708964008920551e-10,51244.514206397565,0.0,0.0
9,0,True,0.19363864983694468,0.04601228213107947,49117.47408734061,1.0,0.0
9,0,True,0.688252910437878,0.2475375357242773,36533.26247967572,1.0,1.0
9,0,False,1.9989630253969045e-10,7.330303533646366e-12,48058.842483283064,0.0,0.0
9,0,True,0.20384335678619978,0.04913456226325431,63461.29609901352,1.0,0.0
9,0,True,0.6917400496744994,0.24927780612992587,63396.66734168932,1.0,0.0
9,0,False,0.005147558063884002,0.0006126639380146009,43561.02493180664,1.0,0.0
9,0,True,0.4465370564654866,0.13722506344344096,42737.58917447576,1.0,1.0
9,0,False,1.0950689656721211e-09,4.3627990625127613e-11,38583.64559386895,0.0,0.0
9,0,False,1.334479550892402e-10,4.936162558419891e-12,50693.002864761766,0.0,0.0
9,0,False,1.8769805162913177e-06,1.1027911829178154e-07,61752.54326788147,0.0,0.0
9,0,False,8.851762289030552e-06,5.597941765328708e-07,52437.30776269613,0.0,0.0
9,0,False,9.735983451277484e-09,4.3147188413939016e-10,53148.27189847156,0.0,0.0
9,0,False,1.1602820661420032e-08,5.184343341818971e-10,37970.27125676952,0.0,0.0
9,0,False,1.0634223922518745e-06,6.034205420816505e-08,58111.40161056834,0.0,1.0
9,0,False,1.2006434249911034e-14,3.2732897777874097e-16,48403.44385276212,0.0,0.0
9,0,False,8.88833418792573e-08,4.390647460769311e-09,46518.14608460036,0.0,0.0
9,0,False,8.368509801625941e-11,3.04086057178829e-12,63307.78703468748,0.0,0.0
9,0,False,4.1039030996104596e-09,1.7466873863307623e-10,26718.342771800348,0.0,0.0
9,0,False,4.158515953915967e-05,3.033935087522871e-06,65762.58352691466,0.0,0.0
9,0,False,2.4824942368477425e-19,5.314427610210786e-21,61487.70453716242,0.0,0.0
9,0,False,9.858086190395293e-06,6.454567681388479e-07,28787.54123218758,0.0,0.0
9,0,False,5.082423166278932e-06,3.0472397767154664e-07,42435.26355783787,0.0,0.0
9,0,False,0.00016414836326717643,1.3435089834529131e-05,68926.69483765605,0.0,0.0
9,0,True,0.6728222622961794,0.2391837980320702,15655.9777462235,2.0,0.0
9,0,False,3.740690841354241e-07,1.996579940223626e-08,45145.24757691747,0.0,0.0
9,0,False,1.94814408154411e-06,1.1469595419435421e-07,36471.4153386129,0.0,1.0
9,0,True,0.6780895448733227,0.24250904725381445,34434.17384507071,3.0,1.0
9,0,True,0.5355936704689588,0.17545659470096872,49882.471165661955,1.0,0.0
9,0,False,2.5010940420464482e-15,6.716186717799995e-17,59284.02681115952,0.0,0.0
9,0,False,1.3748198022374293e-06,7.850523460843535e-08,63905.62162078614,0.0,0.0
9,0,True,0.6655597317362052,0.23633359347054012,73749.73772917679,1.0,0.0
9,0,False,1.6452020528374084e-11,5.63330768334557e-13,41756.29215915581,0.0,0.0
9,0,False,3.9507853210581016e-13,1.1949822321442485e-14,40364.51892756073,0.0,0.0
9,0,True,0.3115602468049244,0.08511536757242613,54652.26337441539,1.0,1.0
9,0,False,1.1664054271748265e-10,4.292331680197738e-12,39926.341240533926,0.0,0.0
9,0,False,4.694834088712796e-13,1.4256789847271292e-14,28974.750358388377,0.0,1.0
9,0,True,0.3830958034462495,0.11182108911846513,14450.523544237314,3.0,0.0
9,0,False,0.0009214685732623213,8.854114531222131e-05,62024.7791350042,0.0,1.0
9,0,False,0.006942286470074712,0.0008609967376241798,45400.897947716374,1.0,0.0
9,0,True,0.20397720159393318,0.049177109598872476,39210.32357505232,1.0,0.0
9,0,False,3.5761039618226613e-07,1.904571356564156e-08,19747.414241766524,0.0,1.0
9,0,False,0.00023262517613307305,1.9651340466144297e-05,41161.4582924411,0.0,0.0
9,0,True,0.6442084479721135,0.22593184496226387,35273.67244404929,2.0,0.0
9,0,False,1.678599296235202e-08,7.632263395823604e-10,41469.738693857325,0.0,0.0
9,0,False,1.043013276273159e-05,6.556047288127602e-07,72048.7698004153,0.0,0.0
9,0,False,2.3770115052946294e-13,7.076873744173557e-15,35759.73718279925,0.0,0.0
9,0,False,4.1966859693388826e-08,1.995338403769808e-09,53513.21659058006,0.0,0.0
9,0,False,3.3853943223114506e-09,1.4303727829992323e-10,21517.725228573563,0.0,0.0
9,0,False,5.903139911634328e-06,3.540954668270256e-07,60670.31479171175,0.0,0.0
9,0,False,2.295887317498965e-07,1.1929367583032964e-08,30862.668681675306,0.0,0.0
9,0,False,1.708514804638188e-17,3.971651248668434e-19,45289.39051808489,0.0,0.0
9,0,True,0.33786288313496343,0.09468755103298472,55781.359698335546,2.0,0.0
9,0,False,1.3524980620010801e-16,3.3615695001105073e-18,52407.05560422332,0.0,1.0
9,0,False,1.2123968433090279e-11,4.0935726630872755e-13,62101.03832796909,0.0,1.0
9,0,False,3.828766970878439e-06,2.3543277808248187e-07,38915.07371404074,0.0,0.0
9,0,False,2.3566342054637527e-12,7.400278202540145e-14,43541.364480405355,0.0,0.0
9,0,False,1.058676623360068e-08,4.70376168081627e-10,35953.04976605227,0.0,0.0
9,0,True,0.6926367332853633,0.2497448197917355,39846.889879415125,1.0,0.0
9,0,False,2.9646436143414203e-10,1.1211820080310831e-11,67163.60968245468,0.0,0.0
9,0,False,0.00012221511000338816,9.747069726523624e-06,39197.79883030701,0.0,1.0
9,0,False,1.863409109106734e-05,1.2789827655974477e-06,46510.820675290866,0.0,2.0
9,0,False,1.1746528674142461e-08,5.088826350541035e-10,63708.413681144106,0.0,0.0
9,0,False,2.8213589637179153e-05,1.901457482647988e-06,34339.646009181764,0.0,0.0
9,0,True,0.5874031478674147,0.19901969383239512,45964.86578861962,1.0,1.0
9,0,False,7.65799029038361e-06,4.7462891097218643e-07,30346.79159053314,0.0,0.0
9,0,True,0.4047206058562354,0.12030338368799705,42065.1769155916,1.0,1.0
9,0,True,0.5543744683517566,0.18378677505237456,26007.853215273197,1.0,1.0
9,0,True,0.4959985412047637,0.15809752306035071,38569.10026432477,1.0,0.0
9,0,False,7.271338550691821e-11,2.624384093853995e-12,62083.52895051772,0.0,1.0
9,0,True,0.6394907979285449,0.22365500669102403,16317.961824121958,1.0,90.0
9,0,False,3.2758593815972516e-06,1.9923390771249585e-07,38610.127206492514,0.0,0.0
9,0,False,7.833303383628587e-10,3.03018115100039e-11,37085.49651574884,0.0,0.0
9,0,True,0.5698578107181658,0.19093371703652534,54602.52884605201,1.0,0.0
9,0,False,1.4028608059661693e-09,5.7045310030296356e-11,42572.95574203132,0.0,0.0
9,0,False,7.719439157900888e-09,3.384743135235901e-10,62416.79574992367,0.0,1.0
9,0,False,4.914915979559617e-14,1.39700481651531e-15,40516.78931179173,0.0,0.0
9,0,False,5.22470720342194e-10,2.0396008635773263e-11,48229.93223799118,0.0,1.0
9,0,True,0.613352249759321,0.2111756011655241,41708.87068203068,1.0,0.0
9,0,False,1.963237567342435e-11,6.764681500229914e-13,58605.73977381667,0.0,0.0
9,0,True,0.37797981334064445,0.10984152298184376,87261.14552541883,1.0,0.0
9,0,False,1.2173854228218058e-11,4.0601465791202054e-13,25086.680471619326,0.0,0.0
9,0,False,6.640374497559774e-06,4.17303262114678e-07,38871.5020762574,0.0,0.0
9,0,True,0.5234934663841192,0.15732295212313577,50947.280266960435,1.0,1.0
9,0,False,7.393219247001997e-08,3.6143968938124753e-09,56049.775647280316,0.0,0.0
9,0,False,1.0429025667764582e-05,6.864960870828073e-07,50621.14282059638,0.0,0.0
9,0,True,0.6550053408223627,0.23117280801067186,37119.20032401028,1.0,0.0
9,0,True,0.6743946746550978,0.24067051256150104,39943.15318421421,2.0,0.0
9,0,False,3.8608223952336784e-07,2.0306183298740185e-08,53206.67506945323,0.0,0.0
9,0,False,2.0310656134729852e-19,4.331682234398906e-21,49787.93840034749,0.0,0.0
9,0,False,8.689142742560154e-06,5.591899051926429e-07,81267.76220563115,0.0,0.0
9,0,False,4.968974052842544e-10,1.9115977873721583e-11,33539.31945981859,0.0,0.0
9,0,False,2.3192160897124033e-10,8.43655692279635e-12,38445.37018161843,0.0,1.0
9,0,False,5.275971235992436e-08,2.537489528316997e-09,43488.81074445912,0.0,0.0
9,0,False,1.974994408857182e-06,1.1640780665123046e-07,32912.62171711166,0.0,1.0
9,0,False,5.219751155929295e-07,2.8404132173941567e-08,65152.223772502286,0.0,1.0
9,0,False,4.6538090163690775e-15,1.2402278953568057e-16,47537.67355708783,0.0,1.0
9,0,True,0.811928604938213,0.271209812973285,56048.57044869433,2.0,0.0
9,0,False,6.924976493391177e-11,2.490761682074475e-12,52851.221898361575,0.0,1.0
9,0,False,0.00021003823313537723,1.7576838548642906e-05,34540.59990789734,0.0,2.0
9,0,False,0.06498400708270179,0.011820771933876557,49495.727554014135,1.0,0.0
9,0,False,1.366660021512069e-05,9.170940336547981e-07,107651.2005048601,0.0,0.0
9,0,False,4.3624751588597246e-12,1.4262047432261382e-13,53464.577339797484,0.0,0.0
9,0,True,0.46345229923294606,0.1442600956136973,29006.778208850894,1.0,0.0
9,0,False,4.811780646235059e-14,1.364698091237947e-15,47894.682476398775,0.0,0.0
9,0,False,1.3886656180660957e-05,8.946019124412127e-07,44679.95589545294,0.0,0.0
9,0,True,0.49844799571456894,0.1591548079311783,28489.634649459527,1.0,0.0
9,0,True,0.6486114840368223,0.22806471776460688,30478.50121062397,3.0,1.0
9,0,False,8.124865844170821e-06,5.25580139526769e-07,29077.194287854807,0.0,0.0
9,0,False,2.9567215763770934e-09,1.2073036335241486e-10,61669.36143591975,0.0,0.0
9,0,True,0.6404882889939146,0.22408480418447854,36357.75827030144,2.0,0.0
9,0,False,7.288683615618912e-24,1.2713828712327092e-25,55964.839752674176,0.0,0.0
9,0,True,0.6909990074649532,0.24892541475108068,68055.53795450578,4.0,0.0
9,0,False,3.84642233109075e-13,1.1583796224693458e-14,46734.726260744865,0.0,0.0
9,0,False,1.8619344818733456e-11,6.293879249001507e-13,21257.338980347347,0.0,0.0
9,0,True,0.6112544251673335,0.21018320146044042,50605.63616311619,1.0,1.0
9,0,True,0.6878968672181406,0.24737944085375418,33489.524788181916,5.0,2.0
9,0,True,0.33908770134170657,0.09466315177021188,52913.324060001425,0.0,1.0
9,0,False,7.037355528891244e-12,2.337257980072234e-13,21303.27282752187,0.0,0.0
9,0,False,3.988360345955217e-08,1.8418927607466085e-09,28268.65964932421,0.0,0.0
9,0,True,0.4765653006221794,0.1497878446503015,20144.70498090026,1.0,1.0
9,0,False,6.926943106547026e-07,3.8317193156142216e-08,36372.428480231334,0.0,1.0
9,0,False,1.2273332524008929e-08,5.498464389842458e-10,39486.41806948476,0.0,1.0
9,0,True,0.6033824751482336,0.2064472186919908,26686.36670270667,3.0,0.0
9,0,False,6.382674965569383e-12,2.1144969822415288e-13,69195.77516409445,0.0,0.0
9,0,False,7.574637160535028e-06,4.874860575497983e-07,59132.33400611449,0.0,0.0
9,0,False,0.02354137860459406,0.0035326033909440905,27702.16200953843,0.0,1.0
9,0,False,0.01099830337528404,0.0014588457947855905,54580.095041455796,0.0,0.0
9,0,False,3.996462671103361e-09,1.6619289390510473e-10,45888.57419859498,0.0,0.0
9,0,False,0.01453963250048111,0.0019299820900722038,37000.79755895173,2.0,1.0
9,0,False,1.2746093507789129e-08,5.554067715403528e-10,45201.92266184526,0.0,0.0
9,0,False,5.062143649874574e-07,2.7497952376023823e-08,45329.740813005636,0.0,1.0
9,0,False,3.1986179783114905e-10,1.2242645055549876e-11,20840.48325312188,0.0,0.0
9,0,True,0.6797970366254297,0.24335467879879072,54836.17392088585,3.0,0.0
9,0,False,1.128113804271096e-14,3.064852076916001e-16,62293.358046215995,0.0,0.0
9,0,False,2.502243750606555e-07,1.289239481418845e-08,13847.170034713876,0.0,0.0
9,0,True,0.5422837740893875,0.17844565634501833,28954.193428919298,1.0,2.0
9,0,False,2.6602052344726034e-08,1.2354062668936925e-09,30529.05420561212,0.0,1.0
9,0,False,1.907954951568163e-17,4.516798134567831e-19,52368.75717929705,0.0,0.0
9,0,True,0.45391887399534797,0.1402818481806282,39137.73949519799,2.0,0.0
9,0,False,4.397372987507946e-08,2.0956431533685113e-09,66479.568517157,0.0,0.0
9,0,False,6.786915275095363e-07,3.7429455056617965e-08,47637.016521384634,0.0,1.0
9,0,True,0.21577455863058762,0.052843082953005695,27234.233585189304,5.0,2.0
9,0,False,0.0017080208776575536,0.00017716549943692486,37234.04168638449,0.0,0.0
9,0,False,1.2682081401548232e-23,2.2343068736723744e-25,49585.84261327245,0.0,1.0
9,0,False,1.5063784275918695e-05,9.737041948896612e-07,29365.67394701006,0.0,0.0
9,0,True,0.6399635242287292,0.2238830419366683,36537.41728474845,1.0,0.0
9,0,False,4.0013779378469854e-08,1.897846581378807e-09,32284.301506417614,0.0,1.0
9,0,True,0.284299044025668,0.06861143392658878,30560.645663870415,0.0,0.0
9,0,False,0.06330515443045645,0.011481789926511173,50159.6935016644,0.0,0.0
9,0,True,0.5472479490654344,0.18067392101484075,55956.441041902355,1.0,0.0
9,0,True,0.5311736021460555,0.17347289421171438,52216.782345901906,1.0,0.0
9,0,True,0.4427575582147,0.1356673719436677,40017.476421554275,2.0,0.0
9,0,True,1.061596391347956,0.3637239900873677,31913.992984967754,2.0,1.0
9,0,False,8.978589892093383e-09,3.8441451691178016e-10,59407.53341081592,0.0,0.0
9,0,False,6.113475682714758e-10,2.401284698459656e-11,38214.11208401963,0.0,0.0
9,0,False,5.892771390063248e-06,3.7291487474560644e-07,45032.83841546354,0.0,1.0
9,0,False,0.002158379590607542,0.00022702808295159914,81844.01854898113,0.0,0.0
9,0,False,6.607597988891179e-07,3.50291580218094e-08,64155.5137228302,0.0,0.0
9,0,False,1.0575579190643295e-07,5.232754132200032e-09,18482.59894692008,0.0,0.0
9,0,False,3.576107831467579e-07,1.8330681648308233e-08,40048.54781724292,0.0,0.0
9,0,False,0.016589800253357625,0.002347154142089588,33602.79790950418,1.0,0.0
9,0,False,0.12880224212611888,0.027504446069740274,59552.506887580086,1.0,0.0
